tweets,class
RT @ihyjuju: â€œme and whoâ€ BITCH ME AND YOU,1
"To the dumb bitch who stop in front us by Philzâ€™s in Fremont, I wasted a good $5 coffee just to throw at you causeâ€¦ https://t.co/y9e3YAoAUr",1
FUCK YOU.,0
you gotta be a strong mf to do a distance relationship but atp ion want nobody from fuck ass fort worth so iâ€™m finna resort to that,1
"RT @dustinrhodes: To whom it may concern:
Hey man, you can do this!! One day at a time!! It will be hard but fuck it. 
#KeepSteppin",1
at least tell him all the good tweets i make about how much i love you weird bitch,1
"RT @AriTheDon: I be so bored with myself, can you come and fuck me?",1
@dewinyermom WE LITERALLY CLOSE IN 20 MIN FUCK OFFF YOU FREAKS,0
@anticaptplanet ah fuck i definitely cant go :( youll do great tho im sure!!! believe and you can achieve :3,1
the most annoying bitch on earth!,1
"With great power comes great responsibility, bitch.",1
RT @doscadenasx: The energy of this bitch is indescribable ğŸ˜‚ğŸ˜‚ğŸ˜‚ğŸ˜‚ğŸ˜‚ https://t.co/2aFYYQJ7Ef,1
"RT @J9718_: Looks like you lose the status man of the relationship, she turned you in her #sissy bitch, and you passed of the point withoutâ€¦",1
RT @Tarynxviii: Itâ€™s a bitch ass nigga that loves to put his hands on women that follows most of you.,1
my bitch maid ass gon only get in to relationships just to break up wit em im such a nasty nigga sum times,1
Bitch users Christmas. SNOWBALL,1
RT @nASStynaTASHa: would you fuck me first thing in the morning?? https://t.co/kT7flejhXo,0
"@babycloxd Bullshit, im lifeless and you can rely on me, i gave you space bc you were acting like u want it but thaâ€¦ https://t.co/gmiJ96p6to",0
"RT @parisCo_: Iâ€™m really the â€˜fuck that jobâ€™ friend. Like I will not encourage you to stick it out, girl leave.",0
O bitch I would eat!,1
"RT @OnTheDownLoTho: NAH BRO,

KNUCKLES MIGHT AS WELL HAVE CALLED SONIC A WHOLE ASS BITCH LOOOOOOOOOL,

THIS IS SO RAW I CANT MAANğŸ˜­ https://â€¦",1
Noonan in dictionary reads...resting bitch face.,1
@Galea430 Iâ€™m so glad the Cuomo Bros are unemployed.,0
RT @Newposter2: Homie I doubt that https://t.co/uequDapq2a,0
"RT @johnnydollar01: .@ChrisCuomo allegedly blasted @JaniceDean as â€˜that Fox weather bitchâ€™ in smear plot.
Chris asked in a text to an Andreâ€¦",0
"If you know everyone hit that shit, DON'T WIFE THAT BITCH",1
cute lil depressed bitch https://t.co/tfFpqGaAUP,1
RT @officialscrvppy: The Richmond urge to tell a bitch she buzzin,1
RT @talkedabout_t: Keep your sneak dissing to a minimum you canâ€™t fuck with me!!!!,0
sometimes you just need your feelings hurt so you can wake the fuck up and focus on yourself,0
"@lil_aphrodite3 Maybe then we'd all be happier after work, after going off a Karen cause she can't return an item câ€¦ https://t.co/JnfP37sbDa",0
@80kubaka i promise you Dubov doesnâ€™t care. He is not Karjakin and also fuck Putin,1
"RT @fortyvaccine: one thing about nicki, she gone keep a bitch mad",1
Bitch that thunder scared tf out of meğŸ˜‚,1
"Fuck what you got, what type of person are is what matters",1
@ChrisCuomo whoâ€™s the bitch now? ğŸ¤¡,1
RT @bighentaigirl: Cultured bitchğŸ•¸ï¸ https://t.co/dO6wFNO8N2,1
@Alayonimiii Leave Tems outta this convo bitch she the truth,1
Idgaf who donâ€™t like me cause first off FUCK YOU &amp; what you stand for !,1
ainâ€™t shit sweet bitch I got a 26,1
@bigmonkeong He tried his best tho. Not his fault when this skinny bitch is annoying af https://t.co/xhDYSXB41r,1
"Throws an even bigger snow ball at him.

    âFuck you! Of course it's cold.â",0
I want him to hold me by the back of my neck so I canâ€™t move and I can power through my gag reflex like the bad bitch I know I can be ğŸ¥ºğŸ˜¢,1
Momma didnâ€™t raise a paper handed bitch.,1
What the FUCK? You donâ€™t even know the words to The Little Teapot?,0
"@Erinsifer Sweet dreams, Erin!!  You did awesome as fuck, tonight!!ğŸ˜˜ğŸ’š",0
"People love to come on Twitter to bitch and complain. 

What's the most outrageous thing you have read here? 

Forâ€¦ https://t.co/izMUppvslv",1
"RT @AriTheDon: I be so bored with myself, can you come and fuck me?",1
Tattoo artist really think ther the shit cuz they got 2k followers but these pussies gon be retired by 45 ğŸ¤£ğŸ˜‚ğŸ¤£ be humble bitch,1
"RT @BbydollKatarina: Which hole are you cumming in first?ğŸ˜ˆ

ğŸ”¥VIP OF is on sale $4.44ğŸ”¥ 
New subs are entered in my Raffle for Fuck a fan!ğŸ’Œ hâ€¦",0
"RT @AriTheDon: I be so bored with myself, can you come and fuck me?",1
RT @1819Teens: Would you fuck my all natural body in this dress? https://t.co/lbmXbnkEst,1
"I wish all the people faking Tourrettes and other disorders and very distasteful fuck you, you're one of the worst ppl in existence&lt;3",0
@ChloeeQ46 my money bitch,1
@Ralph92813862 @Nic6D9 @Chasemeth @Jerrythekid21 @roughnrowdy @jer What happemed bitch,1
@RyanVernale @MechaMag75 Then where are the scientists that bitch about Star Wars being inaccurate about space? Totâ€¦ https://t.co/MVj1RmLuwe,1
"RT @TheTiaPaige: I ainâ€™t never stoop on a bitch before , but that day will be the day ğŸ’€ğŸ’€ğŸ’€ğŸ’€ please donâ€™t play with me behind that",1
RT @ihyjuju: â€œme and whoâ€ BITCH ME AND YOU,1
"#1 Rule of life?

;donâ€™t give a fuck and do what makes you happy! got me?

#letsbemoots #ifb",0
RT @womudotcom: my cock is small but my heart is smaller. fuck you,1
@BIGCOKEEE__ @SharCapone he died??he ainâ€™t die bitch you cooked him,1
"RT @Kimilers: KAWAHARA SAID ""fuck it I ship the all ways""",1
@OopsItzJax shut the fuck up you stupid fuckkk,1
RT @HomeProbably: The bottom of my heart consists of â€˜fuck youâ€™ in many languages.,0
And I would hate to have to use a bitch for a place to sleep each night ğŸ˜‚,1
RT @noirkitty_: would you fuck velma? ğŸ’‹ğŸ’› https://t.co/MI5Xdg9IjW,0
"RT @highimallyy: fuck,
breathing. 
i want to tell you face to face 

fighting myself for you. 
demonstrating fighting demons
in your faith",1
"RT @DIORlattae: if you can't love all members, get the fuck right of this fandom. i've HAD ENOUGH. BTS is seven and always seven, get thatâ€¦",0
Bitch,1
"RT @GnarlsGarvin: BEEFS JUST SHOWING UP PLACES. 

FUCK YOU @CharlesMas0n 

@LWMaine LET EM KNOW!!!",1
BITCH https://t.co/JEbQvESUxH,1
RT @CharlieZeee: AYYYY still kickin it! This time with 2 bachelor degrees with Latin honors and departmental distinction. All while workingâ€¦,0
"RT @BabyBeanzie: Will I put makeup on so you'll ruin it when we fuck? Yes, yes I will.",1
"RT @Shannon76250057: Straight Caucasian Men are Traffickers. 
Prove me wrong. Age 51. 

Not this one, she's too smart for America. 

Fuck yâ€¦",1
@realviksplan @Hasan_JF @HunterAA6 What the fuck do you think Twitter is,0
RT @lowkeychi69: Just got me horny .. what Nigga/Bitch wanna do this ğŸ‘€ğŸ¤¨,1
Yo my niece hit me with a Christmas list ğŸ˜ğŸ˜ lol bitch think Iâ€™m Santa ğŸ™„,1
RT @ihyjuju: â€œme and whoâ€ BITCH ME AND YOU,1
RT @k1ttieclaw: Me @ everyone who got Olivia Rodrigo tickets,1
@EBessire @girlworms that bitch is insane get away while u can!!,1
"@inluvbaechu Everyone my ass, why would u hate bts bc of what a random bitch says online",1
RT @B_only1me: &amp; when you speak on me make sure you say â€œ that bitch gone get some money â€œğŸ˜˜,1
"RT @AriTheDon: I be so bored with myself, can you come and fuck me?",1
"RT @johnnydollar01: .@ChrisCuomo allegedly blasted @JaniceDean as â€˜that Fox weather bitchâ€™ in smear plot.
Chris asked in a text to an Andreâ€¦",0
"I also do not eat @McDonalds and nor should anyone.

And if the person @McDonalds reads this and disagreesâ€¦

Pleaseâ€¦ https://t.co/uTWHjwdjgV",0
#dick for @tine_little #cum #filipina #pinay #japanesegirl #chinesegirl #asianslut #thai #latina #suck #cocktributeâ€¦ https://t.co/IGXai0dfIo,1
Was jus a bad bitch turnt me to a slutğŸ’ƒğŸ¾,1
"RT @LionHearted76: How Cuomoâ€™s operateâ€”NO accountability, just defame.
Chris Cuomo blasted Janice Dean as 'that Fox weather bitch' in smearâ€¦",1
RT @d31usionaL: Fuck virginity how old were you when you lost your mind,0
"When you swear you saw him but like come on bitch, you wildn now. Same hair, same build, cream and jeans. I'm losinâ€¦ https://t.co/XN3VUC6TyY",1
"RT @DaughterJudass: Donâ€™t be shy, just say you wanna fuck me x https://t.co/b4UQ0x0aLX",0
fuck you and your motherfucking mama,0
"Bitch I just pissed myself off bc my dumb ass boyfriend irritated me, so I went on tiktok lol, saw a video &amp; immediâ€¦ https://t.co/yGLKSi2C7j",1
its been like hours and im still so sad LMFAOOOO im never going to emotionally recover from this!!! if u got twiceâ€¦ https://t.co/vMWIeW2wDv,0
RT @aryagrander: Just sold! Get yours! Begging you to FUCK me: JOI and SQUIRT https://t.co/a7MeqXY34p #MVSales https://t.co/gGQOQrlUZL,0
"RT @NirajSinghArya1: I paused my porn to text you back, donâ€™t ever question my loyalty bitch. ğŸ˜­",1
HELLO BIRD ASS BITCH LEAVE ME ALONE !,1
"@tvmvki @SpankNBank @GareunTTV @Isolate_19 @hitchariide Show me the quote of me saying ""doing nothing""? I ate shitâ€¦ https://t.co/xf6ldGBTHq",0
this bitch right here needs a new BAAAAAAAAG!!!,1
RT @HeyTammyBruce: ğŸ˜¡ğŸ˜¡ğŸ˜¡,0
RT @ioIetsgo: What the fuck https://t.co/POI9WjVmBP,0
RT @TravyxB: Egg nog soooooo good when you donâ€™t have a bitch in your ear telling you itâ€™s nasty,1
"RT @ZayBaeBae_: Itâ€™s the strokes for me ğŸ¤¤

RT if you would let me fuck https://t.co/rdFZ8abyj1",0
"RT @nellythamenace: Bitch why does it look like a brain, he a headass fr ğŸ˜­ğŸ˜­ğŸ˜­",1
@Aidenpinedaa bitch donâ€™t fwm rn iâ€™m too high for this shit,1
"me &amp; panda : acting gay as fuck 

the entirety of moobloom when they fromt : you both make me sICK !!!! /lh 

they love us ğŸ¥°ğŸ¥°",1
yeah never eating againğŸƒğŸ½â€â™€ï¸ iâ€™ve been low res/fasting for the past week &amp; i decided to high res for today &amp; whileâ€¦ https://t.co/mcQ5OckzKU,0
"RT @BlueStarCaptain: You could have sold your soul to anyone: to Salma Hayek, to Idris Elba, to Chris Hemsworth, to Gal Gadot, to Margot Roâ€¦",0
be mad bitch whore,1
"RT @MelechThomas: When I was in the act of attempting to take my own life eight years ago, my tweets alerted several of my friends and theyâ€¦",0
Full time I'm out here confident as a bitch,1
peyton sawyer is absolutely the worst fucking character from any show ever created i hate that bitch,1
RT @nixiefox: bitch Iâ€™m a cow ğŸ® https://t.co/VGSOUTzuyr,1
RT @legalhorchata: the way canvas gatekeeps confetti if you turn it in late... fuck you too bitch,1
RT @zeusray22: Would you fuck me in a public toilet? ğŸ†ğŸ˜ˆ https://t.co/GFqKixilC1,0
RT @cee_gonz: orgullosa con cojones de mi misma por no tirarme por un balcÃ³n despuÃ©s de toda la mierda que me rompiÃ³ el corazoncito este aÃ±â€¦,0
RT @BombShellSharra: I never did give a fuck how a bitch felt bout me,1
taekookers are so fucking miserable with their own lives that they obsess over men dating and fixate and project alâ€¦ https://t.co/KmgAOatLqo,0
RT @Dazed4L: Juice WRLD and Suga are honestly a great duo. and I wanna say another thing BTS fan base gets a lot of hate but most of them aâ€¦,1
RT @bighentaigirl: bitch I'm a ghost that sees you nakedğŸ‘½ https://t.co/n7OM4sWLPo,1
"RT @dagenmcdowell: Always were and always will be vomitous ghouls: Entitled, callous and irretrievably stupid. We knew then and we sure asâ€¦",0
RT @pnjaban: Whoa wow,0
"@PalomaRomero16 El funeral debiÃ³ de ser para SAMANTHA #AndJustLikeThat  y no ponerla como una cold hearted bitch, pâ€¦ https://t.co/WL3A79UAv7",1
abcde fuck you and your mom and your sister and your job.....fuck you and your friends that I'll never see again...â€¦ https://t.co/D2KIo6sIFi,1
@the_high_boi Why are FUCKING HIGH BITCH,1
Give it some time  I ainâ€™t saying you gonna forgive him but youâ€™ll understand him,0
tatum is such a bitch at times,1
"@MsJenneh18 @SonOfGuido I'm going up. Fuck down, unless you will like it.",0
RT @JuanLovesCock: You said you wanted to fuck me in the grocery store so letâ€™s go bro @dilf2050 @ShabazzFan @GaySexManual @senior_nobody3â€¦,1
dm if you want to see me jerk off my teen cock im so fucking horny i have a dad bod. love to sext and talk dirtyâ€¦ https://t.co/6TseE6s3Bn,1
"RT @MelechThomas: When I was in the act of attempting to take my own life eight years ago, my tweets alerted several of my friends and theyâ€¦",0
"im not going back &amp; forth w/ no bitch for YEAS, about nothing. atp just take it to the altar hoe!",1
RT @bunnypyongpyong: FUCK DRUGS have you ever been addicted to lnr jeonghan body rolls? that shit will kill you https://t.co/8ywwlnRRJ0,1
Nice! But wrong character. Youâ€™ll need an Emily Dickinson account for that!,0
RT @womudotcom: my cock is small but my heart is smaller. fuck you,1
RT @cryborg: Did you know the pillow guys pillows are toxic as fuck,1
"RT @_therealbigdon: Durk call India THE WIFE , uzi call jt THE GOD.. Why my bitch always got be THE   PROBLEM ğŸ¤£ğŸ¤¦ğŸ¿â€â™‚ï¸",1
"Hey @comcastbusiness I've lost an entire day to your phone system being down. Fuck you.

Anyone want to provide relâ€¦ https://t.co/dxDMamvE13",0
2 hours ago I was talking about â€œniggas is getting drunkâ€ since this is my first time I get to have a Saturday offâ€¦ https://t.co/7eZ7My6X4K,1
do no notify me anyways bitch i will be mad,1
Ainâ€™t nothing like a bitch who kill the vibe,1
"RT @grungeghost420: why donâ€™t you visit me at work, flirting with me until i pull you in the back room and fuck you against the wall. Coverâ€¦",0
RT @suckmydepth: Can I fuck you like this? https://t.co/qwvqVy9XFE https://t.co/wXCExqPpei,0
Even though you hate me I know youâ€™ll let me fuck again ğŸ’¯,1
@DrEliDavid @BAMAPERRY Yeah really what the fuck is wrong with you Germans. Seriously are you as a country fucking stupid?,1
"RT @littlehotx: Te puedo cojer asÃ­?ğŸ¤­

ğŸ†â™¦ï¸ğŸ¥If you want to see this sexy midget fuck girls, men, asses, subscribe now to my page!!!â™¦ï¸ğŸ¥ğŸ†

DWARâ€¦",1
Reminder: At the end of the day youâ€™re still that bitch ğŸ™ŒğŸ½ğŸ’…,1
RT @BWA__Richie: Itâ€™s all love just gotta fuck with you from a distance,1
BITCH IDK,1
RT @B_only1me: &amp; when you speak on me make sure you say â€œ that bitch gone get some money â€œğŸ˜˜,1
"RT @JadeProtocol: $400k-$1m/year for the best Senior Full-Stack, Web3 developer that can join us full-time. 

Job post: https://t.co/ArPkvwâ€¦",0
RT @nixiefox: bitch Iâ€™m a cow ğŸ® https://t.co/VGSOUTzuyr,1
RT @ihyjuju: â€œme and whoâ€ BITCH ME AND YOU,1
@niktym4 TIS THE SEASON BITCH,1
"@GuykatsuFriends Guy really said ""I'm gon fuck your wife in front of you Ronald""",1
RT @Gio_at_large: The A in @A_Mac_0079 stands for killing little Johnny offscreen like a complete monster you fuck,0
"@madis259 *slaps roof of alien*

""This bad bitch can fit so many slongs in her""",1
"RT @parisCo_: Iâ€™m really the â€˜fuck that jobâ€™ friend. Like I will not encourage you to stick it out, girl leave.",0
RT @awonderland: im not a bitch im just ğ˜¥ğ˜ªğ˜´ğ˜´ğ˜°ğ˜¤ğ˜ªğ˜¢ğ˜µğ˜ªğ˜¯ğ˜¨,1
fuck you https://t.co/DSaNz7HGJb,0
"RT @THES3XYPT: RT if you want to get fuck like thisğŸ˜ˆ full video on OFğŸ’¦

https://t.co/B3dXjlvgx4

https://t.co/oewm86AbT5 https://t.co/nPcYuâ€¦",0
Sailor moon facts was that bitch  https://t.co/9o7A9dChyi,1
RT @chocodamiix: Sexy bitch era still loadingâ€¦,1
RT @SamnColby_Solby: yall remember when i said i would not be that drama filled acct? just know that its taking everything i have and thenâ€¦,0
RT @ohdatsrida: To me a â€œBad Bitchâ€ is based off her credentials not her looks!,1
RT @HeyTammyBruce: ğŸ˜¡ğŸ˜¡ğŸ˜¡,0
@bratsexual_ see if someone told me that i would a imply say â€œturbo titty mode rn bitchâ€,1
"RT @ayelolababy: Smoke good weed with a bad bitch
And give a good girl bad habbits https://t.co/7QUIn01EgW",1
"@abcdefghiXjkXlm ""slat-slat to the basic click clack clack call me baepsaeâ€”"" and the more famous ""click clack to thâ€¦ https://t.co/pNFxpF25wD",0
"RT @starbright312: ' First off, fuck your bitch and the team with no name'   - Mike McCarthy https://t.co/juLDIhwEYJ",1
Morning di lovely bitch @dazzlediviya https://t.co/7tzlT2j4OC,1
RT @moxiedoll: Retweet this if you would make me your personal fuck doll ğŸ˜ˆğŸ’— https://t.co/bNiW1oHPNS,0
"RT @Goddess_rose24: Retweet, like and DM sissy bitch https://t.co/emJ5HychsO",1
ğŸ‘ğŸ½ğŸ‘ğŸ½ğŸ‘ğŸ½,0
Whispers in the Dark is so upbeat for the sad bitch lyrics its talking about,1
RT @cluvqee: fuck texting i want you here.,1
Bitch Iâ€™m bleedin like a tat,1
gay  bitch,1
RT @thebookofsaint: Sagittarius â™ï¸ now you know damn well this ainâ€™t the time to be stressed out over some shit you canâ€™t deal with right nâ€¦,1
"RT @dagenmcdowell: Always were and always will be vomitous ghouls: Entitled, callous and irretrievably stupid. We knew then and we sure asâ€¦",0
I ainâ€™t gon fw that nigga he been a bitch,1
RT @HungBoysDaily: RT if you would let me fuck you ğŸ˜ˆ https://t.co/7vICnwBsmy,0
"Fuck what you got, what type of person are you is what matters",1
RT @CashMasterKing6: Being my little foot addicted jerkoff addict little bitch is your destiny!! ğŸ¤‘ğŸ¥µğŸ¥µ #CashMaster #Findom #Alphafeet #sissysâ€¦,1
@VialNite that lucky bitch,1
RT @hellbuoyant: character descents are so fun like yes bitch go crazy,1
RT @sonchaesthetic: â€œtwice flopped so hardâ€ bitch I WISH SO I CAN GET THESE TICKETS WITH EASE ğŸ¤¬,1
"RT @nonannons: y-you're telling me, patpran were not scheduled to exchange that many smooches as much as 3??? that was all.... o-ohmn.. BITâ€¦",0
RT @mteases: which hole would you fuck first?ğŸ˜‰ https://t.co/UaOC7K7l4D,0
RT @TR3_Pound: So he let a nigga dust his uncle off &amp; allowed Harry to bitch slap him in front of his broad???? BIGGEST L EVER,1
"RT @dagenmcdowell: Always were and always will be vomitous ghouls: Entitled, callous and irretrievably stupid. We knew then and we sure asâ€¦",0
HOOK U SLUTMY FINISHER ON MY CAW HAS BEEN CALLED REDRUM FOR YEARS ILL SEE YOU IN COURT BITCH,1
RT @Flashyasf: I love a pretty bitch who never say no to getting a bag.,1
"RT @Dominaplanet1: Queen Carter Uses Her Bitch As Human Toilet Paper After Taking A Shit in ""Slave Bidet' -  #femdom #humantoiletpaper #assâ€¦",1
RT @cryborg: Did you know the pillow guys pillows are toxic as fuck,1
RT @ihyjuju: â€œme and whoâ€ BITCH ME AND YOU,1
donâ€™t miss out on your boo because society says so. if you wanna help that nigga/bitch help em get there so yâ€™all câ€¦ https://t.co/VrdJlnIRkB,1
RT @ihyjuju: â€œme and whoâ€ BITCH ME AND YOU,1
"Fuck a talking stage , is you wit me or wat",1
So i posted on my instagram ğŸ”’ that we are suing that bitch showtime you should really sue her,1
RT @KARIFAUX: I DONT WANT NO SURFACE LEVEL SHIT BITCH!!!!! I WANT DEPTH AND DEVOTION!!!!!,1
RT @ohdatsrida: @youngmulan___ Canâ€™t be a bad bitch with nothing goin on ğŸ¤·ğŸ½â€â™‚ï¸,1
"RT @BigTucsonDad: Do it. Give me a reason you son of a bitch, make my day https://t.co/9Fjo86F9cU",1
@chaycepeda @CapalotTury bitch how do u have so many pics ğŸ˜­,1
RT @AshleyDCan: fuck you bitcoin I didnâ€™t want to be rich anyway https://t.co/ngYEQoYeCj,0
ğŸ˜ğŸ˜,0
YOU FUCK A HUSK,0
RT @ihyjuju: â€œme and whoâ€ BITCH ME AND YOU,1
"RT @Jav_grandpa: [MEYD-589]My Big Stepsister Acts Like A Bitch In Front Of My Big Brother, But The Truth Is That She's My Tsundere Lover Anâ€¦",1
@dyke_posting True like I had a curbside order at my job today and this bitch put on her mask and apologized to meâ€¦ https://t.co/VWDvgFB2Tt,1
Her nigga forgot about her ğŸ¥´âœŒğŸ¾,1
Listening to Megan the stallion while cleaning the house gives the home a bad bitch vibe ğŸ˜,1
Bitch send that location,1
RT @boujiebadd: Iâ€™m gon laugh a bitch out before I ever argue with her ğŸ˜‚ğŸ˜‚ğŸ˜‚ğŸ˜‚ğŸ˜‚ğŸ˜‚ğŸ˜‚ğŸ˜‚ğŸ˜‚ğŸ˜‚ğŸ˜‚ğŸ˜‚ğŸ˜‚ğŸ˜‚ğŸ˜‚ğŸ˜‚ğŸ˜‚ğŸ˜‚ğŸ˜‚ğŸ˜‚ğŸ˜‚ğŸ˜‚ğŸ¤·ğŸ½â€â™€ï¸ğŸ˜­ğŸ˜­ğŸ˜­ğŸ˜­ğŸ˜­ğŸ˜­ğŸ˜­ğŸ˜­ğŸ˜­ğŸ˜­ğŸ˜­ğŸ¤·ğŸ½â€â™€ï¸ğŸ¤£ğŸ¤£ğŸ¤£ğŸ¤£ğŸ¤£ğŸ¤£ğŸ¤£ğŸ¤£ğŸ¤£ğŸ¤£ğŸ¤£ğŸ¤£ğŸ¤£ğŸ¤£ğŸ¤£ğŸ¤£ğŸ¤·ğŸ½â€â™€ï¸ğŸ˜ğŸ˜ğŸ˜ğŸ˜â€¦,1
"RT @TheAirIsHeavy: Shooting threat at my sonâ€™s school. Fuck you, @GOP and fuck you @NRA.",1
Oh sweets.. https://t.co/Pfrtcrt0XX,0
RT @kikosdreamworld: first thing he did was lie. kids ugly as fuck,1
RT @Kotaku: Keanu Reeves is super excited you all tried to mod Cyberpunk 2077 to fuck him: https://t.co/FY0aoGXwb7 https://t.co/DcGtzt2UXl,0
It's Britney bitch.,1
RT @KARIFAUX: I DONT WANT NO SURFACE LEVEL SHIT BITCH!!!!! I WANT DEPTH AND DEVOTION!!!!!,1
"RT @FurryRp1996: â¤ï¸ ğŸ”„ and pic

PPP and higher = Dms Access

EX= LETS PUT BABIES  IN YOU FOREVER 
PPP= MARRY ME
SS= LETS FUCK FORVER
S= SEXYâ€¦",0
Wanna stab the fuck out of this bitch,1
"RT @JadeProtocol: $400k-$1m/year for the best Senior Full-Stack, Web3 developer that can join us full-time. 

Job post: https://t.co/ArPkvwâ€¦",0
"RT @jiggyjayy2: Nodody:

Jodeci in 1993:",0
"RT @PatriotWynIV: Roger Stone: Youâ€™re in the Daily Beast?
Reporter: Yes sir, I am
Roger Stone: Fuck you!
â€¦
â€œYouâ€™re in Daily Beast right?â€¦ Fâ€¦",0
RT @Dazed4L: Juice WRLD and Suga are honestly a great duo. and I wanna say another thing BTS fan base gets a lot of hate but most of them aâ€¦,1
RT @ihyjuju: â€œme and whoâ€ BITCH ME AND YOU,1
niggas start to liking me cause i'm a feminine stud then when i start telling my shit stories im one of the guysğŸ˜‚ lâ€¦ https://t.co/JPRiBUnGke,1
RT @maw717: I hate this Cuomo even more now.. @JaniceDean is a queen. â¤ï¸,0
"RT @alicelovegood25: Screw you society, milky tits are hot as fuckâ€¦ retweet if you agree ğŸ˜‰ https://t.co/mdTrA7DZmk",1
@ponyboooy Fuck you have a nice assğŸ¥´,1
RT @hashimotoluvs: a very big fuck you if you only bought tickets to sell them at a much higher price  #TWICE_4TH_WORLD_TOUR,1
RT @ihyjuju: â€œme and whoâ€ BITCH ME AND YOU,1
"So New Day beat RK-Bro and the Usos to be named the ""Best Tag Team in #WWE "" tonight, but didn't win either Tag Teaâ€¦ https://t.co/PnyYzwvFCT",0
@Eat_My_Tunechi @alston_rashee All you do is fuck people bf and act like they yo bf,1
Love this clip! You truly enjoy being in charge and it shows! You turned that loser into a pathetic little bitchâ€¦ https://t.co/I96MDYSdwP,1
"RT @1bosstee: A bitch got 2 times to cheat on me, it wonâ€™t be no 3rd ğŸ˜‚",1
me n my mom so close i keep on calling her bitch and catching myself ğŸ˜­ğŸ˜­ğŸ˜­ğŸ˜­,1
RT @IssMealNoel: Nah for real ğŸ’¯,0
"RT @Tonn_Not_Twan: That morning wood be a bitch donâ€™t it lol ğŸ† ğŸ’¦ had to stroke one out before I head to the barbershop ğŸ’ˆ 
https://t.co/WaTIâ€¦",1
@heyhathaway YES THAT HAPPENED TO ME TOO LIKE WHAT THE FUCK IS WRONG W YOU,0
nigga can go out with their homeboys but wonâ€™t go out with their bitch ! lol,1
RT @ihyjuju: â€œme and whoâ€ BITCH ME AND YOU,1
RT @ihyjuju: â€œme and whoâ€ BITCH ME AND YOU,1
Paid the dj for slow jamz this bitch aint slowed down yetğŸ˜’,1
"RT @OnTheDownLoTho: NAH BRO,

KNUCKLES MIGHT AS WELL HAVE CALLED SONIC A WHOLE ASS BITCH LOOOOOOOOOL,

THIS IS SO RAW I CANT MAANğŸ˜­ https://â€¦",1
iâ€™m tryna fuck,0
she be like von you better not fuck him,0
"@azuroze Hahahaha, that's the Brooklyn bitch I know",1
"Also if you argue that ""Femboy"" isn't transphobic and you aren't a trans-woman. shut the fuck up. the issue doesn'tâ€¦ https://t.co/4bMGp2xQSJ",1
Fuck miss piggy a fucking bitch.,1
chillout unc we ain't did shit to you,0
RT @iamjordanhicks: She a boss bitch but for me she get submissive,1
RT @adoringsnf: â€œwhy dont you shut the fuck upâ€ ssaapnap pllease talk k tome like that,1
RT @boujiebadd: Iâ€™m gon laugh a bitch out before I ever argue with her ğŸ˜‚ğŸ˜‚ğŸ˜‚ğŸ˜‚ğŸ˜‚ğŸ˜‚ğŸ˜‚ğŸ˜‚ğŸ˜‚ğŸ˜‚ğŸ˜‚ğŸ˜‚ğŸ˜‚ğŸ˜‚ğŸ˜‚ğŸ˜‚ğŸ˜‚ğŸ˜‚ğŸ˜‚ğŸ˜‚ğŸ˜‚ğŸ˜‚ğŸ¤·ğŸ½â€â™€ï¸ğŸ˜­ğŸ˜­ğŸ˜­ğŸ˜­ğŸ˜­ğŸ˜­ğŸ˜­ğŸ˜­ğŸ˜­ğŸ˜­ğŸ˜­ğŸ¤·ğŸ½â€â™€ï¸ğŸ¤£ğŸ¤£ğŸ¤£ğŸ¤£ğŸ¤£ğŸ¤£ğŸ¤£ğŸ¤£ğŸ¤£ğŸ¤£ğŸ¤£ğŸ¤£ğŸ¤£ğŸ¤£ğŸ¤£ğŸ¤£ğŸ¤·ğŸ½â€â™€ï¸ğŸ˜ğŸ˜ğŸ˜ğŸ˜â€¦,1
"RT @FloDoesNyah: I really hate the concept that I just ""needed"" to watch the season 2 of a terrible show because ""it gets better"" cuz like,â€¦",1
The west side def made me but bitch Iâ€™m east side til I die ğŸ˜‚ğŸ˜‚ğŸ˜‚ I been on Glenwood an candler since I was 14.,1
"He points a long cylinder pistol right at her head as he glared. ""For trying to cut me up the other day? You take aâ€¦ https://t.co/Ot5gJGd6Hn",0
"RT @AmatureGuyVids: You walk into a sleazy seedy rundown bathroom...
â¤ï¸ = YES 
ğŸ” = FUCK YES https://t.co/GeFbhXzToZ",0
Bitch Iâ€™m on Demon time https://t.co/WDSJG8O2gU,1
RT @minareadss: â€œIâ€™m gonna work you so hardâ€WE WON BITCH https://t.co/EBTEOvWTEE,1
"RT @TyRaw__: ğŸ˜‚ğŸ˜‚ğŸ˜‚ğŸ˜‚from the niggas to the bitches I donâ€™t be tweeting bout none of you clowns , I tweet whatever come to my head fuck yâ€™all",1
People do You wrong then call you weird when you distance yourself from them. Iâ€™m not acting weird I donâ€™t fuck with you anymore.,0
@kanyewest Wtf bro?! This is disgusting. If you did this then fuck you. GODDAMNIT Iâ€™ve been on your dick this wholeâ€¦ https://t.co/SLGEEjdctY,1
If you be saying some hateful ass comments as a â€œjokeâ€ to your friends stop that youâ€™re not funny youâ€™re just a bitch,1
RT @aspenjade: Would you pull my panties down and fuck me ? ğŸ’¦ğŸ˜ˆ https://t.co/1HOkWXkiXT,1
Ah,0
RT @iSAIDiamRah: Yâ€™all keep proving that short dudes ainâ€™t shit.,1
punk rock bitch,1
Preach papas!,0
@notyrmxmmy Fuck that noise you do what feels right for you dammit!,0
RT @iisIandgyaI: imagine wanting me to be your peace and you not even bringing me any. fuck you ğŸ˜‚,0
@lol_idk69 I'm not a bitch,1
RT @womudotcom: my cock is small but my heart is smaller. fuck you,1
RT @hellserenity: Rt if you'd fuck me https://t.co/Yoes5FFc9R,0
RT @beyonceparkwood: Iâ€™m at a point where I believe this video was hinting at something ğŸ¥² you got me fuckâ€™d up ms. carterâ€¦ https://t.co/ZHCâ€¦,0
RT @hellbuoyant: character descents are so fun like yes bitch go crazy,1
"RT @BbydollKatarina: Which hole are you cumming in first?ğŸ˜ˆ

ğŸ”¥VIP OF is on sale $4.44ğŸ”¥ 
New subs are entered in my Raffle for Fuck a fan!ğŸ’Œ hâ€¦",0
Oh bitch I look good 2nite ğŸ¤© Iâ€™m not paying for no drinks,1
RT @KingsOfCarolina: If I gotta talk to you 3 times about the same issue then you donâ€™t give a fuck about how I feel and imma act accordingâ€¦,0
"RT @17Irish76: Ghislaine Maxwells Trial should be front and center.  
NOT Jussie the fake-ass-bitch Smollet's ğŸ™„
#GhislaineMaxwellTrial #Jusâ€¦",1
sending screenshots to my bitch not enough tbh,1
"Random thoughts 

Bitch you messy not nobody on this thread yo bitch and you the whole clan messy. Messy ass fuck.",1
i'll fuck your wifey because you're not good enough for her and you'll pay me for it because you're a pathetic bitcâ€¦ https://t.co/N0T2GnViVX,1
@GraniteDhuine @gracefulwraith Puahahahaha retweeting this .  Get on a good list than : cannabis is an anti-venom câ€¦ https://t.co/UDuHD5sNjh,0
"RT @dagenmcdowell: Always were and always will be vomitous ghouls: Entitled, callous and irretrievably stupid. We knew then and we sure asâ€¦",0
"@IckyGyki @kyleeemon OH GEEZE OH GOSH OH FUCK WHERE DO I EVEN START

 Where would I NOT lick?! I'd love to leave liâ€¦ https://t.co/XOKQklFAlg",0
RT @Dazed4L: Juice WRLD and Suga are honestly a great duo. and I wanna say another thing BTS fan base gets a lot of hate but most of them aâ€¦,1
"RT @VNDsRevenge: lmao fuck that. vaccines are free and readily available. dont want it? 
fuck you!",0
RT @GrizzlyFOG: ğŸ˜‚ğŸ˜‚ğŸ˜‚,0
"@sdavis1945 @KatieFromTexas Talking about baby isnâ€™t an issue, bitch please.",1
RT @_lachicafina: Sent From Above Bitch.,1
"Started watching jojos,, dio is a bitch",1
â€œBitch couldnâ€™t get in even if she had the addyâ€ğŸ˜‚ lmao,1
"@koinkrazey What the fuck is wrong with you?
you tweet 10 times in one second about $mana
bro I hope you good",1
"@angelicjiminn__ not today bitch , hi im back",1
Laying up under bitch or a nigga that can't do anything for you. Tf these ppl need to stop fucking texting me withâ€¦ https://t.co/vG9cULy2hG,1
RT @zoeyuso: I love a good little tease ğŸ˜ˆ https://t.co/3zhaCej6GG retweet if you would fuck me doggy ğŸ’¦ğŸ’¦ğŸ’¦ https://t.co/X9ga2tBP6O,0
SON OF A BITCH!,1
literally what donâ€™t u understand bitch ğŸ¤¨,1
i have to work with her againâ€¦ confronting her bc she just told someone she hates working with me BITCH HALF THE NIâ€¦ https://t.co/8IIc0fgoJV,1
"RT @AndesiteAsHard: If you dumb fuckers doesn't read my bio,

I'll type it out for you

DO ğŸ‘
NOT ğŸ‘
SEXUALIZE ğŸ‘
MINORS ğŸ‘

If you're not stupâ€¦",1
"@Booboobutt420 I'm the divergent on this one, I can't really fuck with weed. Big anxiety attacks. I think if you reâ€¦ https://t.co/RlkN9tkewC",0
And If you wondered if I hate youâ€¦.. FUCK YOU,0
RT @beezykkk: a bitch aint gotta post me im posted up in yo shit anyways,1
@wayweary @Alwaysstandflag @zoomarang I believe youâ€™re trying to say fuck you. Let me say it again fuck you. Case yâ€¦ https://t.co/TLm9I5wt0R,1
lil bitch vibes forever ğŸ¤,1
RT @reallymoonchild: Iâ€™m tired of this bored hating bitch REPORT REPORT @ness_turkk,1
@ROTYScottie You a 10 too man Iâ€™m down to fuck tbh,1
RT @ihyjuju: â€œme and whoâ€ BITCH ME AND YOU,1
That bitch. https://t.co/1NDEjXGpqJ,1
"RT @parisCo_: Iâ€™m really the â€˜fuck that jobâ€™ friend. Like I will not encourage you to stick it out, girl leave.",0
@PLDroneOperator I don't give a fuck how happy they are; that don't mean they need to lice in filth and the fact yoâ€¦ https://t.co/jkoiJynbfo,0
RT @_marianaphft: can you all just fuck off,0
"RT @eundwa35: The wind's too strong but you're too hot to look ugly 
#ORV https://t.co/rue1fuavNJ",0
RT @slightlycunty1: Would you be my fuck buddy? ğŸ˜ˆ https://t.co/W0TeegxMsY,0
bitch gbye,1
RT @ihyjuju: â€œme and whoâ€ BITCH ME AND YOU,1
"RT @EnlightenedAunt: Sometimes apologies arenâ€™t enough. People can accept your apology AND still not fuck with you. 

If you ever find yourâ€¦",0
RT @copyofacody: you could literally say boots down cunt slayyy pussy popping queen serving female to harryâ€™s face and he would not give aâ€¦,1
you gotta know that i donâ€™t give a fuck,0
Cmere bitch ur not getting away from me @ZeSovietPotato,1
RT @ilyeojini: IN FUCKING CALIFORNIA BITCH I LIVE IN FL PLSSS,1
"RT @tothedeaths: wkx: hey wake up
zcl: huh wha
wkx: i just murdered your entire family
zcl: b-but i live aloneâ€”
wkx: huh?? then who were thâ€¦",1
I don't get why people act like Jordan was some god neither bro he played basketball. I don't give a fuck. On top oâ€¦ https://t.co/GE6b2iZGU4,1
Yâ€™all sayin this bitch here?! For real?! https://t.co/R0xw0GcrbX,1
RT @dabit3: movement. No one gives a fuck what you think when it comes to the reality of the paradigm shift we are experiencing and witnessâ€¦,1
"@HeavenQil @Thoggy_Woggy @soypokemonpapi @digidiploTaiwan you own him!!! !!!! china #1, i love the genocide!! !! !â€¦ https://t.co/WBO2cbHyYZ",0
RT @Dazed4L: Juice WRLD and Suga are honestly a great duo. and I wanna say another thing BTS fan base gets a lot of hate but most of them aâ€¦,1
"cardi b, fat bitch pussy",1
RT @MrPlayaPatna: Doing fly shit wit a fly bitch is it,1
RT @ChristinaSFLaw: Especially true of the jagoffs who kept trying to come up with witty takes on the red hats.  There's a *reason* nobodyâ€¦,0
can my aunt stop spamming my fucking phone no i won't answer your call cuz all you going to do is shout at me fuck you,1
Wonâ€™t be and havenâ€™t been giving a fuck if you ask me,0
"RT @OnTheDownLoTho: NAH BRO,

KNUCKLES MIGHT AS WELL HAVE CALLED SONIC A WHOLE ASS BITCH LOOOOOOOOOL,

THIS IS SO RAW I CANT MAANğŸ˜­ https://â€¦",1
RT @Dazed4L: Juice WRLD and Suga are honestly a great duo. and I wanna say another thing BTS fan base gets a lot of hate but most of them aâ€¦,1
welllll fuck,0
i swear if any of yall show up at the arcade im personally coming to florida and hurting a bitch,1
@S3j123 @ENHYPENs_Noona @ENHYPENJAYYY Haixt I'm tired explaining to this bitch that engene started it.,1
RT @blondedscorpi0: pretty bitch https://t.co/4qZtNudcvf,1
RT @ImRonnieSweets: And if u call and he text back? Guess what ? HE GOTS A BITCH HUNTY,1
FUCK YEAH YOU RULE,0
@drewlvrr u should or that random bitch is getting the money instead,1
RT @lilpapies: â€œFuck Iâ€™m bout cumâ€ â€œnut in me babeâ€ â€œima bust in youâ€ ğŸ’¦ğŸ”ˆâ¬†ï¸ https://t.co/MYYqDf23e1,0
"RT @Notbaadgalriri: ğ‘¹ğ’ğ’ƒğ’šğ’ ğ‘¹ğ’Šğ’‰ğ’‚ğ’ğ’ğ’‚ ğ‘­ğ’†ğ’ğ’•ğ’š

ğ‘†ğ‘–ğ‘›ğ‘”ğ‘’ğ‘Ÿ ğ‘ ğ‘œğ‘›ğ‘”ğ‘¤ğ‘Ÿğ‘–ğ‘¡ğ‘’ğ‘Ÿ ğ‘ğ‘ğ‘¡ğ‘Ÿğ‘’ğ‘ ğ‘  ğ‘ğ‘¢ğ‘ ğ‘–ğ‘›ğ‘’ğ‘ ğ‘ ğ‘¤ğ‘œğ‘šğ‘ğ‘›

Not your basic bitch, not even your ğ‘ğ‘ğ‘‘ğ‘”ğ‘ğ‘™.

â™¡ + â†» https:â€¦",1
RT @vaneemariet: man fuck that pride shit and fight for the one you love. we only live once and idk about yâ€™all but I wanna be happy with mâ€¦,1
@raijanaee Nah bitch cause donâ€™t ask me what we doing you got SELF plans ğŸ˜‚ğŸ˜‚ğŸ˜‚ğŸ˜‚,1
RT @Manahil_fatima3: I'm done being a good girl. I am  turning into a bad bitch in 2022,1
@boxplotdnb If you are ever in contact with Ariana Grande I will simply pass the fuck away,0
I canâ€™t believe people are taking Lizzoâ€™s comments about Chris Evans so serious. As if yâ€™all donâ€™t sit on here makeâ€¦ https://t.co/qIkqOhLyLN,0
"RT @littlehotx: Te puedo cojer asÃ­?ğŸ¤­

ğŸ†â™¦ï¸ğŸ¥If you want to see this sexy midget fuck girls, men, asses, subscribe now to my page!!!â™¦ï¸ğŸ¥ğŸ†

DWARâ€¦",1
"RT @nellythamenace: Bitch why does it look like a brain, he a headass fr ğŸ˜­ğŸ˜­ğŸ˜­",1
@IDreamWeave2 @Tabbyette112 @patriottakes Bot? Fuck I wish. Can you imagine how easy the life of a bot must be. Ohâ€¦ https://t.co/2Np4LvltNB,0
Give me my Itto Artifacts you bitch https://t.co/ldIqflYHST,1
@manacledslut U HOT BITCH,1
I need her,0
"@jz_brownie if you love ice cream, make sure you try salt and straw! also, biscuit bitch is touristy, but itâ€™s righâ€¦ https://t.co/2hib4z7irM",1
All them Lâ€™s knocked me to my knees but I got back up swinging ğŸ† . Bitch ima forever Pop my shit!,1
RT @seauxchelsea: Nobody will ever choose when they gone fwm ğŸ˜‚ fuck you,0
"RT @littlehotx: Te puedo cojer asÃ­?ğŸ¤­

ğŸ†â™¦ï¸ğŸ¥If you want to see this sexy midget fuck girls, men, asses, subscribe now to my page!!!â™¦ï¸ğŸ¥ğŸ†

DWARâ€¦",1
this bitch annoying af,1
RT @TheGayChingy: Iâ€™m addicted to Hitchcock and bitch cock,1
Fuck you thought this was nigga,1
"RT @DonaldInDenial: I miss getting that random call on some â€œBaby, I love you okâ€ ğŸ˜­ fuck",0
"RT @mammi36: Every wife needs her husband to pamper her like her love &amp; fuck her like a bitch ğŸ‘©â€â¤ï¸â€ğŸ‘¨ #horny #wife #lust #fuck 

@Bullboy4Uâ€¦",1
RT @dylanfoam: Retweet if youâ€™d fuck me donâ€™t be shyğŸ’¦ https://t.co/bwx3M8gkWx,0
RT @KARIFAUX: I DONT WANT NO SURFACE LEVEL SHIT BITCH!!!!! I WANT DEPTH AND DEVOTION!!!!!,1
RT @thaaarealju: you bitches really be burning and niggas be geeking to fuck with yâ€™all ğŸ˜‚,1
RT @bbybbykb: No one gives a fuck about ur grindr conversation ur both as sad as each other,0
"@Dvorakmama3286 @malonpeach @spanglemix yah we fr went from ""fuck you [x] milk better"" to ""OMG SAME"" in like 10 tweets dhgdsfpikbhrt",0
bitch all I gotta say is makeup! yesğŸ˜ I remember you used to sit and watch me do mines ğŸ˜­,1
RT @TravyxB: Egg nog soooooo good when you donâ€™t have a bitch in your ear telling you itâ€™s nasty,1
"RT @rising_serpent: Fox Weather bitch: 1

Both Cuomos: 0 https://t.co/gA1aiWblj5",1
"@julieklausner Nancy Reagan was a gay-hating, conservative bitch who gained her fame through her husband. Comparingâ€¦ https://t.co/7dwAVzixrg",1
"saw a tweet saying ""worry abt red cekvet being a bunch of middle aged woman who cant dance or sing"" ğŸ˜­

bitch tf welâ€¦ https://t.co/NE5bFmf6cH",1
"RT @mia_darlingg: RT if you ğŸ–¤ my assğŸ¥º
Join my fansly if youâ€™d fuck itğŸ˜ˆhttps://t.co/2X4beDoMWU https://t.co/342xKVnP6p",1
"RT @johnnydollar01: .@ChrisCuomo allegedly blasted @JaniceDean as â€˜that Fox weather bitchâ€™ in smear plot.
Chris asked in a text to an Andreâ€¦",0
Shut up bald bitch,1
@IsaacJayRod I MISS U SO MUCH I CANT BREATHE &amp; iâ€™m levitating hyperventilating punching spots kicking frijoles snapâ€¦ https://t.co/XnK4rnvGHG,0
My bitch better piss on herself when she hear that I died,1
RT @Dazed4L: Juice WRLD and Suga are honestly a great duo. and I wanna say another thing BTS fan base gets a lot of hate but most of them aâ€¦,1
I hate when people tell me â€œFuck Por Vidaâ€ cause then Iâ€™m like fuck you. How are you my â€œfriendâ€ but telling me fucâ€¦ https://t.co/vYaewdeLtu,1
Get god out your bio you donâ€™t even believe in him fuck boy,0
and the first bitch imma smack is ticketmaster https://t.co/YbRU9hxsaQ,1
"â€œYou know whoâ€™s a bitch? Callie Wallie.â€

â€œBestest
IMost
TAwesomest
CFriend
HEverâ€",1
why are we fighting about pronouns Again i promise you that harry does not give one single fuck about what we call her,1
"#QueenOfTheUniverse Ada is doing Nina Simone, which is HUGE in every sense of the word. It's a challenge, bitch! Anâ€¦ https://t.co/ZluVhPsFOe",1
RT @oxojesss: pineapple on pizza tastes so good when u donâ€™t have a bitch in ur ear saying itâ€™s nasty,1
RT @ihyjuju: â€œme and whoâ€ BITCH ME AND YOU,1
RT @xVictoriaPricex: Would You Fuck A TS? ğŸ’‹ https://t.co/ZqjwnZG7HX,0
and you will? fuck outta here,1
glad to give you anxiety racist fuck,0
"RT @AriTheDon: I be so bored with myself, can you come and fuck me?",1
iiiiii miss the arbiter :( BABY COME BACK!!!! I CAN TREAT YOU RIGHT!!! DONT LOOK AT THAT GREEN FUCK!!! https://t.co/naMkyaFlyd,0
olivia pope is a bitch. a full on bitch. so is her dad,1
"RT @FearTheFloof: Literally no one in know, including my very liberal friends, give a fuck about January 6th and the medias obsessions withâ€¦",1
RT @fishin_door: La fokin bitch https://t.co/rnVD6E3AzA,1
RT @jodielawsonx: Would you fuck me? ğŸ¥ºğŸ‘‰ğŸ‘ˆ https://t.co/P6FBWovmls,0
RT @emoph0bic: like ?? this bitch is on shuffle why r u doing this to me ğŸ’€ https://t.co/n0ltHQDm8C,1
RT @powieluvr: HUA CHENG I MISS U BITCH,1
"RT @JuanLovesCock: FUCK ! My boyfriends home. Donâ€™t worry baby, Iâ€™m gonna watch you two for a while, donâ€™t let me interrupt ğŸ˜œ @senior_nobodâ€¦",0
"RT @MelechThomas: When I was in the act of attempting to take my own life eight years ago, my tweets alerted several of my friends and theyâ€¦",0
RT @KARIFAUX: I DONT WANT NO SURFACE LEVEL SHIT BITCH!!!!! I WANT DEPTH AND DEVOTION!!!!!,1
real rap ğŸ’¯â€¼ï¸,0
Iâ€™ll smack this bitch.,1
RT @Dazed4L: Juice WRLD and Suga are honestly a great duo. and I wanna say another thing BTS fan base gets a lot of hate but most of them aâ€¦,1
"RT @AriTheDon: I be so bored with myself, can you come and fuck me?",1
RT @welegi: SO LONG YOU AMPHIBIAN FUCK https://t.co/klM1KscL4L,0
@MargaretSR13 @engineers_feed Not my wife. Send that nasty bitch back,1
"RT @jesuisdelicieux: Look at this shit, shout out apple for â€œnotify anywayâ€ bitch you finna get these alerts https://t.co/LrubO6M9cn",1
@snowmanonfire @JustinTrudeau @GladysRBates142 @SalmaZahid15 @gary_srp @JeanYip3 @JohnMcKayLib @SHNcares Fuck you!!,0
"RT @ZoeyDollaz: If they donâ€™t know you personally never take it personal, Fuck em.",0
"RT @DonaldInDenial: I miss getting that random call on some â€œBaby, I love you okâ€ ğŸ˜­ fuck",0
ğŸ˜­ğŸ˜­ğŸ˜­,0
RT @edm_nurse: Fuck the talking stage do you wanna travel and go to festivals together or nah ğŸ¤·ğŸ¼â€â™€ï¸,0
She looks different it feels like I havenâ€™t seen her in a while,0
RT @ihyjuju: â€œme and whoâ€ BITCH ME AND YOU,1
RT @cee_gonz: orgullosa con cojones de mi misma por no tirarme por un balcÃ³n despuÃ©s de toda la mierda que me rompiÃ³ el corazoncito este aÃ±â€¦,0
Chicken fettuccine Alfredo. Yes bitch!,1
RT @iisIandgyaI: imagine wanting me to be your peace and you not even bringing me any. fuck you ğŸ˜‚,0
@lupayyy Fuck the clout. Seems like a hassle and you donâ€™t really get to enjoy it since they arenâ€™t able to actuallâ€¦ https://t.co/Cauv73kBQS,0
ew . what a nasty bitch,1
Fuck all of you.,0
RT @gookietho: Nonononono KIM TAEHYUNG!! FUCK YOU ARE SO GORGEOUS https://t.co/eF16CEL2UD,0
"This dumb bitch tried to ask me who I was tonight 

So I yelled at her in front of 20 people Lol",1
Yea i ride for my niggas i lie to my bitch,1
"men are off bc you could say something like â€œfuck blue lives, Mariah is skinnyâ€ and theyâ€™ll be like â€œwoah, woah, woâ€¦ https://t.co/O1HHdgce4R",0
Fuck you pay me,1
@Dl0forMVP BITCH I NEED A PERCOCET BEFORE I START TO GET UPSET https://t.co/iBJVYpzJDl,1
"RT @VoiceOfSusheel: KARMA is no Bitch.
KARMA is a Goddess. https://t.co/udOfMEZu3z",1
"RT @aka_teemoney38: I see you ğŸ‘€ ğŸ’ @deevinevixenğŸ’ 

#BeauTeeFulBody ğŸ’  Fine As Fuck ğŸ’ 

More Links in Her Bio ğŸ’ 

ğŸ’ ğŸ’ ğŸ’ ğŸ’ ğŸ’ ğŸ”·ï¸ğŸ’ ğŸ’ ğŸ’ ğŸ’ ğŸ’  https://t.co/rb1Duâ€¦",0
@onhismouth exactly bitch ğŸ˜‚ğŸ˜‚ğŸ˜‚ğŸ˜‚,1
https://t.co/XEPXtHmhh0,0
"RT @mieshelley: And @OregonGovBrown @michaeldembrow @RepBSW @AmandaFritzRN @JoAnnPDX 

I want acknowledgement.  Help my neighborhood. 

addâ€¦",0
@Sam_E_Couture Bitch NEVER gets oldğŸ˜‚ğŸ˜‚,1
"â € â €
â €itâ€™s not that bad , really. better than the boring as fuck ones like cloud watching or stargazing. â € â €
â € â € â €
â €â€¦ https://t.co/C2MlRtlZFu",0
Daddy beastmode them strokes,0
"RT @luvs477: Comment if youâ€™d sit on my face.ğŸ¥µ

RT if youâ€™d fuck my face.ğŸ˜ˆ

Like if youâ€™d kiss meğŸ˜˜ https://t.co/u8NgWiMlWb",1
https://t.co/6JVM0Hg356,0
Bitch it's Christmas. SNOWBALL,1
bitch lemme see teyana taylor onna street imma be like https://t.co/IHOEsVVceF,1
RT @TheGayChingy: Iâ€™m addicted to Hitchcock and bitch cock,1
"You think youâ€™re chill but really youâ€™re just an indecisive little spoon.
 
Right through the heart haha",0
"fuck you guys, that was funny",0
RT @sentdaddyari: I will be shoving my whole foot down your wifeâ€™s throat for Christmas. I have a Christmas present for her &amp; itâ€™s ME ğŸ‘¸ğŸ»âœ¨ Iâ€¦,1
@MissKeyshiax3 Bitch I told you become better! Become worth a damn! ğŸ˜­,1
"@dreamingxmagic ""which version of yourself would you like to be?"" lol, like who wouldn't want to be hot as fuck still at 64",1
if you donâ€™t be talkin shit I canâ€™t really fuck with you,1
RT @meetmisscarter: Yâ€™all be the full package  and out here tryna get these weak ass niggas to choose youâ€¦ girl if you donâ€™t GET THE FUCKğŸ˜‚â€¦,1
"RT @NICKIMINAJVRSES: Nicki Minaj â€” â€œ Seeing Green â€œ verse ( 2021 ) Nostalgic ğŸ˜©ğŸ”¥ 

â€œNo one bitch could be my opp, that shit offends me , Itâ€™â€¦",1
@ericareqes thar random bitch will not get the moneyğŸ˜’,1
"I FEEL SO.DUMB BC LIKE,,, I GENUINELY CLIPPED THE MOMENT THAT CREEPY THING HAPPENED THINKING THEY LEGIT HAD NO IDEAâ€¦ https://t.co/sTRHnJNP7A",0
@LosPollosTV Fuck you,0
How you think I got racks ğŸ’° nigga from acting fuck up ğŸ’¯ğŸ’¯ No Bap ğŸ’¯,1
"RT @MelechThomas: When I was in the act of attempting to take my own life eight years ago, my tweets alerted several of my friends and theyâ€¦",0
RT @M4R1OTENNISPRO: leon thank you for being the person to finally call komaeda a bitch within canon,1
"RT @chan_lambda: @NebulaDalmatian Writh's law is a real bitch.
It seems like they took the bar for doing efficient programming and chuckedâ€¦",1
YOU BURNT BITCH,1
"RT @AriTheDon: I be so bored with myself, can you come and fuck me?",1
"RT @AlphaAnt3: I said that I would bitch @younggotti8 
today ... I am a man of my word . 
https://t.co/edBv4FCu2H
https://t.co/edBv4FCu2H hâ€¦",1
"RT @MelBellesHell: i want to fuck you. 
oops. thatâ€™s not what i meant. 
wait. thatâ€™s exactly what i meant.",1
i need my mouth fuck whoâ€™s gonna offer me there meatâ“(RETWEET) if you would. Then do me a favor and go subscribe toâ€¦ https://t.co/00JxneigdF,0
This car gone make you buckle up fuck,0
Bitch I got high and started eating this whole rice krispy forgetting it was an edible. Iâ€™ll see yâ€™all on Tuesday ğŸ˜‚ğŸ˜´,1
what in the actual fuck we could've got twice christmas song??!! FUCK YOU JYPE FYCK YEWWWW,0
@ItzDaHowwyDShow Iâ€™m just saying you a bitch stop tweeting me like fan lil Nigga I donâ€™t know you,1
RT @JusDope_NoSwag: Having a baby will really have you saying fuck this alarm and fuck a job ğŸ˜‚,1
@FE_Heroes_EN How the FUCK do you read this?!,0
"RT @TPAIN: 19 years ago today I met my savior.
I love you @PainzGirl this shit wonâ€™t stop. The wheel fell off a long time ago and we stillâ€¦",1
"RT @nellythamenace: Bitch why does it look like a brain, he a headass fr ğŸ˜­ğŸ˜­ğŸ˜­",1
"RT @dagenmcdowell: Always were and always will be vomitous ghouls: Entitled, callous and irretrievably stupid. We knew then and we sure asâ€¦",0
Why canâ€™t you let these women RIP?â€¦. Madonna is still alive? Guess time goes by so slowly,0
"RT @oncemoredeo: ""MOTHERLESS BITCH"" https://t.co/IWfruWkHoS",1
"RT @KaylaAlcapone: Iâ€™m not RT, LOLn , LMAOn, QUOTEn NO BITCH I DONâ€™T LIKE IDC LMAOOOO why would I want you on MY Twitter? I donâ€™t fucking lâ€¦",1
"RT @OlgaAgero: â€œCarl: Bring cakeâ€ 

aw syempre ako rang self ang gidala sa venue mao to ako nalang nag take home sa cake niya thank u bdayâ€¦",0
@FactsBlover Fuck you,0
@LosPollosTV fuck you tubby and stream,0
"RT @itsJeffTiedrich: hang on, are you telling me that the lying liar who lied about the election and lied about his wealth and lied about hâ€¦",0
RT @pnjaban: Whoa wow,0
"RT @eviebl4ck: would you fuck me in this position? whatâ€™s your fav? ğŸ¤«
$4.50 sale. get a free genital rate + 85 video bundle + a 5 min CUSTOâ€¦",0
RT @atzulareign: Would you also titty fuck me in my mesh shirt? https://t.co/PEWnKUMqFb,0
"Coulda bagged a white bitch tonight, but I swore em off.",1
@XiaWWE Bitch is you Raiden?,1
RT @1ajanabi: She is doing â€œme and whoâ€ BITCH it's a ME AND YOU.,1
RT @BeardedBearMan1: Early morning going to gym.    And still horny as fuck.  What you do if you see in my car wanking? https://t.co/8EVxgQâ€¦,0
"RT @xanderboyx: after I fuck you, will you return the favour? ğŸ˜ˆ https://t.co/ir1FGAggPN https://t.co/gfFRlyb0Tl",0
why is every other tweet on my tl a suggested topic bitch MOVE,1
"@QianJulieWang If you don't want America to prevail, maybe you should fuck off to the country you want to prevail.",1
"Bud's in da Hoods. Bitch. 

https://t.co/0fWGypQwHU",1
RT @bunnywatersx: nasty bitch ğŸ’¦ğŸ’¦ğŸ’¦ğŸ’¦ https://t.co/1BzkyuS3Rh,1
RT @keeleeloo: If you have a baby on board then DRIVE BETTER BITCH,1
"RT @dagenmcdowell: Always were and always will be vomitous ghouls: Entitled, callous and irretrievably stupid. We knew then and we sure asâ€¦",0
RT @Master__Kay: all men are disposable. only your money matters bitch,1
RT @TrentSoThick: You ready to fuck? https://t.co/QY5zOROYpP,0
"@NFTSEAofficial This is scam bitch!!!
Becareful!!!

Fuck u @NFTSEAofficial",1
This bitch really wants me to speak Spanish on Valâ€¦Iâ€™m good yo,1
RT @Slith3ryLilSlut: Aye if you donâ€™t like me fuck you thatâ€™s all have a nice day â˜ºï¸,0
@into1_official_ å¯¹ä½ çš„Cä½å¥½ä¸€ç‚¹bitchğŸ¤ŒğŸ¤ŒğŸ¤Œ åˆ˜å®‡å€¼å¾— :)))))))) https://t.co/YvUmFowQPH,0
wanted to call corpse 'bitchless' on his recent tweet but changed my mind because i didn't want to call kim a bitch,1
"Eyes up here, bitch https://t.co/eJJ2MhO0Pl",1
everything i do all the hours i put in every decision i make is for my muthafuckn son and if you canâ€™t respect thatâ€¦ https://t.co/qsnhwego0O,0
this was the oneğŸ˜­â€¼ï¸,0
RT @KARIFAUX: I DONT WANT NO SURFACE LEVEL SHIT BITCH!!!!! I WANT DEPTH AND DEVOTION!!!!!,1
sometimes i wished bullying works because why do PEOPLE KEEP BUYING NFTS WE HATE THEM AND YOU FUCK YOU,0
RT @womudotcom: my cock is small but my heart is smaller. fuck you,1
negative a 3 wit a 800 Credit Score is still a 3,0
fuck you guys saying i have hoes. MY DMS ARE EMPTY. EMPTY.,1
"RT @KameronBennett: Fuck it, let em miss you.",0
RT @28HumbleTee: Ashy ass Candy ğŸ˜‚ğŸ˜‚ğŸ˜‚,1
RT @Tsholo_Blacki: It is alleged that Andile Ramaphosa will soon own Denel. Imagine if it was Duduzane Zuma. That komeletsane bareng ke Redâ€¦,0
RT @rambos__mum: is no one gonna talk about the fact that employers love bomb you for the first few weeks then gaslight the fuck outta youâ€¦,1
you made me cry u fuck,0
Hahaha tangino mo,0
"RT @RealPaigeWWE: Iâ€™m paige bitch. 

Thatâ€™s my plant bitch. https://t.co/FcBsMyqVIh",1
@RealDLHughley Kanye publicist is a MF CRACKHEAD/DRUG ADDICTED BITCH! And Kanye needs to know and take notes to gaiâ€¦ https://t.co/AkLpBUKZo1,1
"This the fuck what yall talmbout?? Sis, you can get your press credentials snatched for such bullshid azz questionsâ€¦ https://t.co/KNN83L0rEw",0
"Me with Leia: I canâ€™t believe the writers made her act like that ğŸ™
Me with Rey: Did this raggedy bitch really justâ€¦?",1
@JakeGriMRice You getting it either way might as well do it first so you ainâ€™t gotta fuck with it later lmao youâ€™ll have it when you want it,1
"RT @parisCo_: Iâ€™m really the â€˜fuck that jobâ€™ friend. Like I will not encourage you to stick it out, girl leave.",0
RT @yourfavcreamer: donâ€™t you wanna watch me fuck myself w/ me new toy? I look so hot doing it ğŸ¥µ. link below. https://t.co/4mb4XLBJfI,0
@BarkyBoogz Cause bitch you fucking thought ?? A tip is a curtesy for good (unproblematic) service. I do customarilâ€¦ https://t.co/0tx4zMA4qg,1
YOU WANT THIS MONEY THEN YOU GOTTA BE A BAD BITCH https://t.co/IIa5Cf9SBF,1
Yooo my bestie funny af this bitch said â€œIâ€™m digging niggas tf upâ€ ğŸ˜‚ğŸ˜­,1
RT @reddcodeinee: When the nigga go to jail the bitch that take over they page be annoying as fuck ğŸ˜‚ğŸ˜‚ğŸ˜‚,1
"RT @literatedionni: ""i know why you fuck me like you wish you could kill me"" vs ""i want you inside me and you split me open with a knife""",1
"RT @tatteddbeautiii: When Iâ€™m in that PussyğŸ¥´ Iâ€™m pounding it Purrrrr ... I love hood dudes who take pipe like a bitch â€¼ï¸

Full video on httâ€¦",1
"RT @Alinadomme: You're a spineless little bitch for me and only me

Findom fdom findomme domme femdom femdomme keyholder chastity humanatmâ€¦",1
@_missdridri Girl fuck you we don't know you in Chicago,1
"RT @johnnydollar01: .@ChrisCuomo allegedly blasted @JaniceDean as â€˜that Fox weather bitchâ€™ in smear plot.
Chris asked in a text to an Andreâ€¦",0
@Yashill_ @DR_Amaryllis @_zopoles But it didn't I'm no fake bitch!!,1
"RT @sentdaddyari: I will never give a fuck. Iâ€™m toxic &amp; dangerous. You will fall in love w/ me. Iâ€™m better than your Domme, your wife. Iâ€™mâ€¦",1
RT @ioIetsgo: What the fuck https://t.co/POI9WjVmBP,0
RT @kozumeale: fuck you guys saying i have hoes. MY DMS ARE EMPTY. EMPTY.,1
"RT @httppawat: do you think this is the moment when he realized â€œfuck, i fell in love with the right guy, heâ€™s everything iâ€™ve ever wantedâ€â€¦",0
RT @F0RGETMEN00T: need an obsessive bitch who will straight up never leave me alone,1
RT @jab4pf: Greensboro niggas think they hard ğŸ˜‚ğŸ˜‚ niggas bitch,1
@SneedMode you FUCK the DEER in the PUSSY and you CREAMPIE her insane right,1
"RT @AlphaAnt3: Gag, Choke , Gag , choke 
Bitch shut up and gimmie yo throat ğŸ˜ˆğŸ¤¤
https://t.co/edBv4FCu2H
https://t.co/edBv4FCu2H https://t.coâ€¦",1
RT @ihyjuju: â€œme and whoâ€ BITCH ME AND YOU,1
"RT @nellythamenace: Bitch why does it look like a brain, he a headass fr ğŸ˜­ğŸ˜­ğŸ˜­",1
Omg omg omg bitch this isnâ€™t even the full track list !!!!!!!!!!,1
RT @ggisselle4: a lame dude belongs wit a lame bitch,1
RT @ihyjuju: â€œme and whoâ€ BITCH ME AND YOU,1
RT @zealouszaida: Tag a friend youâ€™d fuck me with ğŸ˜ https://t.co/ldiK1Gb4FI,0
@Ethan__Tremblay @CDorhout @K9_Hawkeye @lunchboxhero_4 @ImJasonHill @rkhemp @tgood1110 @FreshPotsHeol @domburen I mâ€¦ https://t.co/iT1G7DK2nv,0
RT @Dazed4L: Juice WRLD and Suga are honestly a great duo. and I wanna say another thing BTS fan base gets a lot of hate but most of them aâ€¦,1
"@SeanWilsonChef You're obviously reading from a script - you surely to God can't be that dumb.
As with everybody urâ€¦ https://t.co/RAxQ6C3krR",0
I love a pretty bitch who never say no to getting a bag.,1
"RT @MandiLuvs: This bitch is on vaca!!! Todayâ€™s agenda: beach, booze and bangin!!! ğŸ¥µ https://t.co/Q7yzhITfVY",1
@SenTedCruz FUCK YOU TED.,0
@CupcakKe_rapper You really gon smack a bitch to Christmas Eve ğŸ„ğŸ… https://t.co/R6yAvuMwxz,1
"@punishedmother I love Cheez-Its, I love Eggo's; but fuck these guys. You aren't gonna see me buying these anytime soon",0
@NaughtyHotwif10 Me bitch,1
these new bitches cool n all but my old bitch was wit me when Ian have shitâ¤ï¸â€ğŸ©¹,1
@primetimeAD_ @LosPollosTV Weird bitch,1
RT @Dazed4L: Juice WRLD and Suga are honestly a great duo. and I wanna say another thing BTS fan base gets a lot of hate but most of them aâ€¦,1
"""NO.""",0
This bitch never shuts the fuck up in the break room sheâ€™s so fucking obnoxious,1
"RT @kaiju_coby: you know what? fuck you! [pauses the ultraman z theme right before he yells ""urutoraman zeeeeeett!!!""]",1
The plan was to come #OnHere and ask if anyone else's ADHD is so severe they avert their eyes from Last of Us 2 andâ€¦ https://t.co/jVm2GmVLiD,0
RT @tony__makk: I ainâ€™t leave for no reason bitch go and tell em whyyy,1
"i fucking despise people who speak on jimin, if you arent praising him SHUT THE FUCK UPP",1
it feel like 9:30 out this bitch,1
Any Nigga that can love another bitch that fast wasnâ€™t fuckn with the kid like that,1
These press on nails are just a tad bit too long. Theyâ€™re XXL and I usually get XL but fuck it im a bad bitchğŸ’…ğŸ¼,1
"IF YOU HAVENT SUBSCRIBED TO MY ONLYFANS THEN WHERE THE FUCK YOU ATTTTTT???? 

Sale Saturday starts at midnight andâ€¦ https://t.co/kFDdGQA3n1",0
"Genuinely the only issues I can think of for NEO is probably the camera, itâ€™s either really fine or terrible like dâ€¦ https://t.co/opY65lih6b",0
"Me: why Nancy Reagan trending for suckin dick
Bre: whoâ€™s that?
Me: the First Lady Nancy Reagan?
Her: wait, why herâ€¦ https://t.co/NlZlZn1IYB",1
RT @aspenjade: Would you pull my panties down and fuck me ? ğŸ’¦ğŸ˜ˆ https://t.co/1HOkWXkiXT,1
I know how to leave a bitch alone but if i donâ€™t want to i wont tf ğŸ˜‚ğŸ˜ª,1
@CaretakersGT @Brandywolf18 crazy ur so pressed abt a silly little differing opinion when you could be giving ur atâ€¦ https://t.co/bV0NnFn6V0,0
im MAD MAD fuck u sm,0
RT @pnjaban: Whoa wow,0
RT @Dazed4L: Juice WRLD and Suga are honestly a great duo. and I wanna say another thing BTS fan base gets a lot of hate but most of them aâ€¦,1
@GoodmanHoops Who the fuck names something Yum Center?  Could get less money but more press if was Cum Center. Or Câ€¦ https://t.co/Dv9HePQCs1,0
RT @dylanfoam: Retweet if youâ€™d fuck me donâ€™t be shyğŸ’¦ https://t.co/bwx3M8gkWx,0
@Clu3verr no he's a dom. like trust me. I've fucked him he's a dom. but when it's not sexual I literally just beatâ€¦ https://t.co/RxavouYGaZ,1
Me too! Like bitch Iâ€™m frightened,1
"RT @WhiteBunnyKayla: Step up your game. 
Buy a big Black dildo.
Cage your white clit. 
Dress up in cute lingerie.
Fuck yourself until you fâ€¦",1
damn bitch mama already can december slow down?,1
"I want a college bratty bitch for Christmas, Santa! Santa knows Iâ€™m a #paypig and Iâ€™m an elf, always doing more forâ€¦ https://t.co/Osio6sGbnS",1
Honest communication. Like?,0
@BlackScorpie1 @MozartsWig @ericagetsitdone @DrewHolden360 @CurtisHouck You mean like YOU deflected from the FACT tâ€¦ https://t.co/lx3bw94nyz,0
ğŸ˜‚,0
"RT @ivythepuppy: Would you fuck me? ğŸ˜ˆ

Free vid when you sub ğŸ‘‡ https://t.co/76jguyv8vq",0
RT @cook_texas: @kingeliiii â€œBitch you eat itâ€ ğŸ˜‚ğŸ˜‚ https://t.co/oUxv8VaBEf,1
Who do you fuck in the city when Iâ€™m not there?,0
"RT @bourgeoisalien: lmao, didn't watch the Hillary crying clip until now and was so repulsed i screamed 'fuck you!' it was a visceral reactâ€¦",0
ur weird as fuck,0
bitch in my major asked if i liked men n im over here struggling to answer her question  https://t.co/ZbGGRmbI5U,1
bitch ainâ€™t bad she just responsible,1
"@PrognosisFFXIV + were doing this for the first time. I honestly expected a wipe, and when it did happen they beganâ€¦ https://t.co/glXlHKipA3",0
you would be mad too if your closeted partner told you they donâ€™t wanna come out bc they donâ€™t want people to viewâ€¦ https://t.co/GCkOQMgsBS,0
go read a book u illiterate son of a bitch,1
yall be so against arranged marriages like how u gonna let some aunties decide who ur life partner is? bitch! ive sâ€¦ https://t.co/1rnei9wcLQ,1
Just leave me tf alone is that so hard???? By all the shit u talk about me is should be easy bitch,1
Bitch i am all the way tired omg,1
"RT @littlehotx: Te puedo cojer asÃ­?ğŸ¤­

ğŸ†â™¦ï¸ğŸ¥If you want to see this sexy midget fuck girls, men, asses, subscribe now to my page!!!â™¦ï¸ğŸ¥ğŸ†

DWARâ€¦",1
A giant fuck you to the phone companies that intentionally manufacture phones to fail as they age,0
@vspnap id spoil tf outta that mf too like damnn bitch,1
"@georgiele1113 ğŸ˜­ğŸ˜­ you're definitely killin it tho, fuck him !",0
"RT @ayelolababy: Smoke good weed with a bad bitch
And give a good girl bad habbits https://t.co/7QUIn01EgW",1
@dr_hugh_jass @ItsToad_ That son of a bitch was a wizard.,1
real niggas love me so a bitch got optionsğŸ˜,1
I dont want sex i want a hug dumb bitch,1
RT @JennaOnly01: RT if you're over 30 years old &amp; thinking fuck a mature woman. ğŸ˜ https://t.co/o0aQUzBomY,0
RT @ymclee1: One thing I hate is when people bring up old shit.. like go head bitch you living backwards,1
RT @RiyeERose: I'M A WEAK BITCH WHEN IT COMES TO GOROU ğŸ˜­ğŸ˜­ğŸ˜­#NewProfilePic #gorou https://t.co/wydhc4AjyW,1
Iâ€™m arguing with Gracie because what a bitch. I think she is upset about the thunder. She scratched me in the face.â€¦ https://t.co/xGyGJywIFu,1
"RT @thehexx560: #bringbackcornerclip @Roblox 

FUCK YOU ROBLOXFUCK YOU ROBLOXFUCK YOU ROBLOXFUCK YOU ROBLOXFUCK  YOU ROBLOX BRING CORNER CLâ€¦",1
"RT @HayleyM25425199: Right you all know what to do, phuck Xmas, fuck global government's making money in December. Time to push back with Oâ€¦",0
Fuck you Thunder you can suck my dick ğŸ˜­ğŸ˜­ https://t.co/CeDU7hufMm,1
@fatmafanpage WDYM FUCK YOU,0
"i'm be so bored with myself, can you come and fuck me?",0
Fuck nudes I want pics of you smiling ğŸ˜¡ â€” MY SMILE IS HORRIBLE https://t.co/wQTyypj0lA,0
RT @XtinaChrissy: Wanting you fuck me so bad right now https://t.co/CArZutB2zy,0
@LGovment @Tamzilla_52 @BeyondTheWub He's just a bitch,1
ur so weird what the fuck,0
"imagine you not being comfortable to talk to anyone, bout personal feelings cause you get judged by the people closâ€¦ https://t.co/jxssiCT9xM",0
@JordanBrace8 Why the fuck you eating your boots?,1
How are you black and laughing at fatherless jokes?! Dumb bitch  #yeonjunsbestiespace,1
RT @JustinL61177560: @RepClayHiggins Tariffs on Chinese goods was also a tax on Americans. Didnâ€™t hear you bitch about that fucktard.,1
got the tigerbeargyu bitch lets gooo https://t.co/vGez4oa23I,1
@rileyram12 @poodlethefool FUCK YOU I KNEW YOU'D SAY THUS,1
RT @fayemikah: not my neighbour banging on her ceiling and yelling at me to shut the fuck up when Iâ€™m in the middle of singing celine dionâ€¦,1
RT @donwan__: Mamaâ€™s always talking about â€œtreat my son right. My son my son my sonâ€ bitch yo son the fucking problem!!!,1
the tension between knowing your eyeliner is perfect but the need to just do one more line and then you fuck the whole thing up,0
"Fuck, Yakuza 4 Kiryu feels so great. At this point I do understand why ppl say that you should just skip Yakuza 3.",0
RT @MrWhatever1776: So do I need to get a shot put in my body that I donâ€™t want to make millennial liberals â€œfeel safe â€œ even though Iâ€™m aâ€¦,0
RT @daddys_anon: Rt if you would cuddle fuck https://t.co/8e1c8UxlmO,0
RT @oxojesss: pineapple on pizza tastes so good when u donâ€™t have a bitch in ur ear saying itâ€™s nasty,1
RT @ReddBonee27: Call me a nasty bitch when you fuck me daddyğŸ˜ğŸ˜ğŸ˜ just donâ€™t Nut Fast ğŸ˜©,1
RT @CroffeeCrow: Meet a recently added babe of mine. She's a demon bitch- literally. Her name is Tunrida Ingannamorte Heroux. Which roughlyâ€¦,1
"TAKE A BREATH. BECOME AWARE OF THE TENSION IN YOUR SHOULDERS, YOUR BACK, YOUR CHEST. NOW FUCKING RELAX BITCH",1
RT @KARIFAUX: I DONT WANT NO SURFACE LEVEL SHIT BITCH!!!!! I WANT DEPTH AND DEVOTION!!!!!,1
"If you gon' be trippin' like a bitch, you should be a mom",1
@DAV_106 @WorseSquib @_je_aur @milkbaggy__ @Anarkatboy @FalcoFucker69 @TeaTheDoe @keffals Literally look up LGBT riâ€¦ https://t.co/lWzXZZATUv,0
"@mcgripher @Gresham2x I don't give a fuck about a ""Ratio"" lmao.. fuck outta here Goofy. No shit there are plenty ofâ€¦ https://t.co/jU4KfEKvo4",1
RT @WowsersMeowsers: oh to lack self awareness and just be a dumb little bitch,1
My Social teacher and a couple of my classmates said WandaVision is the worst MCU project so far...ğŸ˜ they said it wâ€¦ https://t.co/PYxCqiOBSM,0
"RT @WhatsPornx: Can I stay naked in front of you? ğŸ˜³ I'm so horny daddy 

Register here to fuck me https://t.co/QdP4af1j2y ğŸ” https://t.co/m8â€¦",1
THIS! BITCH! RIGHT! HERE! @bunniesplushies,1
RT @Hoodbilly_Rolla: Sometimes just not giving a fuck is the best attitude you can haveğŸ’¯ https://t.co/qPDGAuTmXQ,0
RT @ellomelissa: is west side story just about a lonely Latina obsessed with a mediocre white boy bitch I could do that in my house,1
"Not my mama coming into my room basically saying
â€œDamn bitch you live like this?â€
MAM!!! https://t.co/6fHPMEkEM7",1
@laurenlanden1 Fuck you and fuck your horses,1
if you wanna live a dream i ainâ€™t coming bitch i told you,1
"RT @whipsandcuffs: if you don't love Jimin, you ain't an ARMY because 7-1=0. Now stop being delulus and fuck off. WE LOVE YOU JIMIN",1
"RT @littlehotx: Te puedo cojer asÃ­?ğŸ¤­

ğŸ†â™¦ï¸ğŸ¥If you want to see this sexy midget fuck girls, men, asses, subscribe now to my page!!!â™¦ï¸ğŸ¥ğŸ†

DWARâ€¦",1
"RT @Naughty_Ranma: ""I got things to do soon but no worries you can fuck me while I am good and asleep, don't worry I don't mind at all~"" htâ€¦",0
RT @ihyjuju: â€œme and whoâ€ BITCH ME AND YOU,1
Stfu u dumb bitch I hate your guts,1
this bitch is talking ab feet someone save me,1
"RT @DIORlattae: if you can't love all members, get the fuck right of this fandom. i've HAD ENOUGH. BTS is seven and always seven, get thatâ€¦",0
RT @_watchshecopyme: Thatâ€™s so creepy for a bitch to keep watching you over a nigga that you let her have ğŸ˜­ğŸ˜‚ ..like bitch you want me to ?,1
@zdyaluvr fuck ticketmaster. ALSO are you seeing nwh opening night???,0
@RavenSoftware fuck you i just bought a new Xbox to play caldera and it looks like this https://t.co/fmD7DLLEjN,0
"RT @FILTHY_KINGS: So @destinycruzxxx didn't mean to fuck her stepbrother but when she did, she realized it was some good cock! 
 
CLICK BELâ€¦",1
rand paul really said â€œfuck uâ€ to his 4-year-old niece,0
Just spent $45 on two damn bottles of skin care products after the 20% off. Iâ€™m tired of tryna be a bad bitch.,1
"RT @roughnrowdy: THE BIG BAD BOOTY DADDY IS HERE TO FUCK EVERYONE! 

ESPECIALLY YOU BOBBY LAINGE

https://t.co/7s5zaGHhEP #rnr116 https://tâ€¦",1
RT @damani_iman: these dudes be masc4masc until they meet a bitch like me. https://t.co/7gFjybaxaV,1
"RT @KameronBennett: Fuck it, let em miss you.",0
RT @TravyxB: Egg nog soooooo good when you donâ€™t have a bitch in your ear telling you itâ€™s nasty,1
RT @Kate_Jones0610: Rt if you wanna fuck me https://t.co/vCHcgyTRmQ,0
If you come around me thinking you gone play bigger bitch than me? May the odds be in your favor hoe. But they wonâ€™t be.,1
"I be so embarrassed. I hate when they see Iâ€™m young too! You bitch! Mind your business, Iâ€™m sorry.",1
"videos of the face when you're touching yourself turns me on a lot, you see them rolling their eyes back and goingâ€¦ https://t.co/qDl3aE5mM0",0
"@yoriimichibot Michi was fuck buddies w everyone with good dick to offer what do you mean this isnâ€™t canon
Yori gavâ€¦ https://t.co/uJ8bq48bJf",0
Bitch Iâ€™m from the west side yâ€™all donâ€™t put no fear in my heart ğŸ’€,1
Iâ€™ll be 72 years old I spent six months with each LOL,0
RT @Suryagfx: #UmerRiaz can yell on #TejaswwiPrakash in front of everyone and can bitch behind her but Teja cant be vishal's 1st priority?â€¦,1
RT @AquariusAnthem: â€œAsk me if I give a fuck Iâ€™ll tell you that I donâ€™t.â€ - Aquarius,1
RT @CarbonGoddesss: ğŸ˜‚ğŸ˜‚ğŸ˜‚ğŸ˜‚ğŸ˜‚Men who do the bad bitch pose in their picsğŸš©ğŸš©ğŸš©ğŸš©ğŸš©ğŸš©ğŸš©ğŸš©ğŸš©ğŸš©ğŸš©ğŸš©ğŸš©ğŸš©ğŸš©ğŸš©ğŸš©,1
ğŸ˜‚ğŸ˜‚ğŸ¤£,0
"damn, man, this bitch is a stan",1
â€œ personal detectiveâ€ you both are freaks what the fuck? You both literally stalked them?!? This seriously isnâ€™t thâ€¦ https://t.co/fHhscT36zt,0
"RT @FxckLee_: As a fat bitch, I approve this message ğŸ—£",1
what the fuck it sounds so good :(( @jypnation  GO TO HELL,0
"RT @MelechThomas: When I was in the act of attempting to take my own life eight years ago, my tweets alerted several of my friends and theyâ€¦",0
RT @TeeShlongz: Can I fuck you from the back like this? ğŸ˜ğŸ† https://t.co/OYJxL550rF,0
RT @KARIFAUX: I DONT WANT NO SURFACE LEVEL SHIT BITCH!!!!! I WANT DEPTH AND DEVOTION!!!!!,1
RT @parkjiminswhore: how could you not love all 7 like despite the fact youâ€™re just miserable the boys literally donâ€™t fuck with you eitherâ€¦,0
RT @sara_azahraa: Retweet if you want to fuck me https://t.co/UTn9IMjqxm,0
"RT @BbydollKatarina: Which hole are you cumming in first?ğŸ˜ˆ

ğŸ”¥VIP OF is on sale $4.44ğŸ”¥ 
New subs are entered in my Raffle for Fuck a fan!ğŸ’Œ hâ€¦",0
RT @thedigitaldash_: learning how to shut the fuck up and choosing to simply not participate in some conversations has greatly improved myâ€¦,1
@wilburlcvr @keppley_ nahh bitch ur weird as fuckk https://t.co/tjx9CskDjk,1
RT @MlLKEl: Would you fuck me like this? ğŸ¤¤ https://t.co/kRFRhKajdI,0
Brand new Amiri dese 800 each leg ğŸ‘– see yo bitch out give her 100 for da head,1
"RT @johnnydollar01: .@ChrisCuomo allegedly blasted @JaniceDean as â€˜that Fox weather bitchâ€™ in smear plot.
Chris asked in a text to an Andreâ€¦",0
I say fuck all of you hoes!!,1
"RT @Damazonia_: Bend over that piano, bitch. Play me a song https://t.co/MPFtgcqfqD",1
"*Bill Clinton slams fist on table*

â€œPull your pants down Jeff. I guess I have to fuck you now.  Check this out, Hill.â€",0
RT @bunnypyongpyong: FUCK DRUGS have you ever been addicted to lnr jeonghan body rolls? that shit will kill you https://t.co/8ywwlnRRJ0,1
i suck at flirting i just told this bitch to kill herself,1
"RT @WhatsPornx: can we chat? ğŸ¥°ğŸ”
I'm ready for you to fuck my ass ğŸ™Š

Access now ğŸ‘‰ğŸ» https://t.co/wA29Xt1CqC https://t.co/71JqU2QCoT",1
I really tried to be cool with my stepmother but omfg she's just so annoying I'm so fucking glad I'm moving away biâ€¦ https://t.co/7jW3UzjicK,0
RT @Dazed4L: Juice WRLD and Suga are honestly a great duo. and I wanna say another thing BTS fan base gets a lot of hate but most of them aâ€¦,1
I need me a sad bitch,1
on my mama cause i gets niggas too luv,1
"RT @gregobigdick: #bigcock #assfucker this cum in the ass of this bitch its so hot, she make me cum in her ass, do you want to see this creâ€¦",1
RT @xJadeSolo: Would you be my late night fuck buddy?ğŸ™ˆ https://t.co/siVGv0WCcv,0
RT @flagrantdolphin: Are you sure? Please make up your mind. https://t.co/Tkjq4bmrUN,0
"RT @itsyazikay: If you don't talk to yourself you're boring
Bitch, I got a friend in me !!!",1
@SupremeTestify @HanaHoops Curry is better than Lebron at defense LMFAOOOOOOOOOOOOOOOOOOOOOOOOOOOOOOOOOOOOOOOOOOOOOâ€¦ https://t.co/YJegz5XywQ,0
@_denisesalcedo Who you fuck is hook to us real wrestling fans we have no idea we don't watch crappy parody wrestling.,1
"RT @ayelolababy: Smoke good weed with a bad bitch
And give a good girl bad habbits https://t.co/7QUIn01EgW",1
@BiggsBeSnappin is that the big bartender? whatâ€™s his issue! nah i hate everyone there esp the pink haired bitch. iâ€¦ https://t.co/2cAsDxNRcL,1
RT @xJadeSolo: Would you be my late night fuck buddy?ğŸ™ˆ https://t.co/siVGv0WCcv,0
@gnfchi first of all. you donâ€™t know me and i 100% care about privacy. itâ€™s the fact that youâ€™re being hard headed.â€¦ https://t.co/RI6jFSI3uY,0
my sister is so weird asf istg this Bitch just spoiled my fucking Christmas gifts bc I told her I was gonna open myâ€¦ https://t.co/KuzbSkvMRL,1
@FUCKYONEMESIS now thatâ€™s how you clear a bitch,1
RT @atzulareign: Would you also titty fuck me in my mesh shirt? https://t.co/PEWnKUMqFb,0
"RT @arioneroyal: im one clingy ass, nonchalant, caring, distant ass bitch ğŸ˜‚",1
"act like you my bitch in every way possible ğŸ˜˜ , cause that other , boujie , ghetto , or shit ion like gets ya the boot &amp; i wonâ€™t say a word",1
RT @xJadeSolo: Would you be my late night fuck buddy?ğŸ™ˆ https://t.co/siVGv0WCcv,0
@IceWaterChase @JODYHiGHROLLER turn fuck up bitch,1
"RT @jungkookmilf: i fucking despise people who speak on jimin, if you arent praising him SHUT THE FUCK UPP",1
Who can come fuck me right now?,0
@Iarismanis juliet bitch rata 1xx,1
RT @HeyTammyBruce: ğŸ˜¡ğŸ˜¡ğŸ˜¡,0
Why would i spend money on a bitch when i can spend it on myself ğŸ’ğŸ½â€â™‚ï¸,1
"Nu op ZTACK: Ex Bitch van XXXTentacion! ğŸ¶
ğŸ“»Tune in op https://t.co/XYjsqE6MaU!",1
"i hate not being a priority like genuinely, fuck you",1
RT @xJadeSolo: Would you be my late night fuck buddy?ğŸ™ˆ https://t.co/siVGv0WCcv,0
ğŸ˜‚ğŸ˜‚ğŸ˜… how the fuck else you gon do it ğŸ˜‚ğŸ˜‚,1
RT @xJadeSolo: Would you be my late night fuck buddy?ğŸ™ˆ https://t.co/siVGv0WCcv,0
Ion go back and forth with broke niggas go get you some money bitch,1
he gon still fwm even though he say he love his bitch .. thatâ€™s why ion want em,1
"Fuck you, pay me",1
"RT @NaturesPriest_: Be honest.
You know you want to fuck her brains out.

Who wouldn't.

Like+Retweet+Muse Picture for a rating https://t.câ€¦",1
â€œFuck off. You abandoned me.â€,0
"RT @RealPaigeWWE: Iâ€™m paige bitch. 

Thatâ€™s my plant bitch. https://t.co/FcBsMyqVIh",1
RT @Moneyfetishc: If you got a rider you better love tf out yo bitchâ€¼ï¸ Them kind rare.,1
Damn it rarely happens but ill look em dead in the face like what bitch?!,1
RT @xJadeSolo: Would you be my late night fuck buddy?ğŸ™ˆ https://t.co/siVGv0WCcv,0
STAY IN BITCH https://t.co/S3T9oL2muV,1
Esther is annoying as hell. SHE turned her kids into vampires and then blames them for being vampires. This bitch tâ€¦ https://t.co/vjphKwnj6i,1
"@killfeedmusic i feel like you gotta know your city, some cities will def be into it, but some dub heads rly dont lâ€¦ https://t.co/lFM18ym2Vw",0
"RT @SimpsonsQOTD: â€œOh! Me and Santaâ€™s Little Helper used to be a team, but he never wants to play anymore since his bitch moved in.â€ https:â€¦",1
hyung you're really ugly,0
I thought I settled everything out with my car now &amp; the bitch wants to file the claim a month later on me ğŸ˜­,1
needa new bitch fa to get me right cause the one Iâ€™m wit tryna slime a slime ğŸ˜‚ğŸ,1
@cheftonlok @deathinalibrary @snackdaddy1972 @strangewolf64 Fuck that bitch. Nothing better to do than to set shit in reverse,1
"OTF in my eyes, bitch we got each other",1
RT @shaniarodjanae: â€œi can see who skipsâ€ i promise you i donâ€™t give a fuck,1
RT @hyunjins_boo: Got your alarms set right at 3:55 am so you donâ€™t miss a moment ğŸ’€Never in my life would you see me waking up at the ass câ€¦,1
RT @Dazed4L: Juice WRLD and Suga are honestly a great duo. and I wanna say another thing BTS fan base gets a lot of hate but most of them aâ€¦,1
RT @bxbygIow: I canâ€™t believe people are taking Lizzoâ€™s comments about Chris Evans so serious. As if yâ€™all donâ€™t sit on here make the sameâ€¦,0
"RT @whipsandcuffs: if you don't love Jimin, you ain't an ARMY because 7-1=0. Now stop being delulus and fuck off. WE LOVE YOU JIMIN",1
ğŸ¤£ğŸ¤£ğŸ¤£ğŸ¤£,0
"Is this true @MELANIATRUMP?
Have you turned over a New Holly Leaf? #BahHumbug

@grinchmovie @santaclaus",0
"RT @RealPaigeWWE: Iâ€™m paige bitch. 

Thatâ€™s my plant bitch. https://t.co/FcBsMyqVIh",1
"RT @OMGKarinaaa: gained some weight recently &amp; Iâ€™m trying shit on rn and I asked my my 14 y/o sister 

â€œdoes this look good or do I look liâ€¦",1
@chriscookinsfw Chris what the fuck youâ€™re so hot,1
RT @chokehzard: let me fuck you like how I fuck a pillow imagining it was you https://t.co/sKF45zE080,1
"@Roblox 

FUCK YOU ROBLOXFUCK YOU ROBLOXFUCK YOU ROBLOXFUCK YOU ROBLOXFUCK  YOU ROBLOX BRING CORNER CLIP BACK YOU Fâ€¦ https://t.co/X6JWj09xlA",0
HEY WHOEVER THE FUCK JUST GAVE ME $150 BECAUSE I WANTED THE DRACOVISH PLUSH YOU ARE INSANE (POSITIVE) THANK YOU SOâ€¦ https://t.co/oDQ0z9qTEO,0
RT @ReddBonee27: Titty Fuck meee until you ExplodeğŸ¥°ğŸ¥°ğŸ¥° such a horny girl right nowwwğŸ¥º,1
@luistheleftist Youâ€™re a fucking cancerous little bitch.,1
RT @nixiefox: bitch Iâ€™m a cow ğŸ® https://t.co/VGSOUTzuyr,1
"RT @WorldWideWes___: Idgaf who you are, you fuck with my peace you gotta go man",1
RT @Gunnar614: Soon Iâ€™ll be back with @alex_the_gr88 and serving him choking on his dick ğŸ¥µğŸ¥µ only this this time heâ€™s gonna fuck my tight hoâ€¦,1
RT @zach_hazard: If you donâ€™t get down with pentagonal trapezohedron you can fuck off https://t.co/kMeq8Ebbw4,0
this shit weird as fuck,1
"And you were tossing me the car keys, FUCK THE PATRIARCHY, keychain on the ground",0
iâ€™m not arguing wit no one who juss started making money dis yearâ€¦bitch go build a fucking resumeğŸ˜­,1
@dogtiered HES A BITCH AND BORONG LLOKNG,1
"fuck you life 
BING BONG",0
"How you canâ€™t find me, but ya bitch found me ğŸ¦¦",1
@tammyrobert @jenkew I had to change my name. And avi got about 30 hate messages including pics with a mustache draâ€¦ https://t.co/bX50gD7ybg,0
Work got me tired den a bitch,1
"RT @parisCo_: Iâ€™m really the â€˜fuck that jobâ€™ friend. Like I will not encourage you to stick it out, girl leave.",0
RT @AzminaShaizad: So proud of @realsehajpal because I have never seen him go after people just to make alliances or use people for the gamâ€¦,0
YA SWITCHED LIKE AH PUSSY LUH BITCH ğŸ˜­ğŸ˜­ğŸ˜­ğŸ˜­ğŸ˜­ğŸ˜­ğŸ˜­ğŸ˜­ğŸ˜­ğŸ˜­ğŸ˜­ğŸ˜­ğŸ˜­ğŸ˜­ğŸ˜­ğŸ˜­ğŸ˜­ğŸ’ªğŸ¾ğŸ’ªğŸ¾ğŸ’ªğŸ¾ğŸ’ªğŸ¾ğŸ’ªğŸ¾ğŸ’ªğŸ¾ https://t.co/IBxKH06NgR,1
RT @TroyxBrandt: I let @BrandtsBoysNash suck my cock but he kept begging me to stick the tip in his hole ğŸ‘€ I did it to shut him up but thenâ€¦,1
"RT @MelechThomas: When I was in the act of attempting to take my own life eight years ago, my tweets alerted several of my friends and theyâ€¦",0
@th6oma who the fuck are YOU lily,0
RT @KalindaGoddess: Bitch work hard for my gift. . Saturday 10/23 is my birthday. https://t.co/bZynyOEjUy,1
"RT @qDot: Ok listen

I get it

I too enjoy a sexy fox

But why does everyone want to fuck the browser

Like, seriously

I am literally a leâ€¦",1
if getting sent nudes by other girls satisfies you why the fuck do you still fwm,1
"RT @Tochinoshin33: Bob Dole-war hero 

Donald Trump- draft dodging bitch",1
Need a Jobâ€¦Are you The Best Full Stack Web3 Developerâ€¦Like Mo Money Then You Can Dream Ofâ€¦Contact @JadeProtocol ASAâ€¦ https://t.co/jFFMf7uIay,0
RT @kozumeale: fuck you guys saying i have hoes. MY DMS ARE EMPTY. EMPTY.,1
@DH8Ian48 @ukversguy Fuck you have a great cock ğŸ˜œ,1
"""bro fuck caillou's mom""
""EXACTLY THAT'S THE POINT! I WANT TO FUCK CAILLOU'S MOM""
""bitch went to sport clips and said fuck my life up""",1
"Kandipaa Onum nadakathu 
Feel Pannatha Thambi naange irrukom un kuda.
evanachum 
Report panne Naa Enna pannuvenu..â€¦ https://t.co/0WnjlzdjYk",0
@LegendBreakers (Cool as fuck! My account used to be a Ace Combat account. But turn into Komi! I think you know who it is ;3),0
"RT @purpkisses_27: Spread that Pussy wide to see that pink inside and finger fuck my asshole 

@purpkisses_27 
@purpkisses_27 

I heard youâ€¦",1
RT @atzulareign: Would you fuck me like this? ğŸ‘€ https://t.co/9kKtT5viQz,0
No at this point I know this bitch slow. Because boy,1
RT @venusg0newild: Would you fuck me in this position? https://t.co/BmARdd36zd,0
@porcelainpin YOU BITCH I WAS IN THERE FOR TEN SECONDS,1
''Wanna have a foursome?'' ''No thanks I'm aa lesbian'' ''I can tell you look gay as fuck'' HELP,1
Fuck! @T2JohnConnor's account went down too? Son of a bitch! Damn you Skynet!!!,1
Cause I'll do the bare minimum around this bitch,1
"RT @HopeisaBison: This raggedy bitchâ€”who complained earlier that the VP dancesâ€”is still mad that Harris, a woman of great success and achieâ€¦",1
RT @ajmaanisajeca: Some people just donâ€™t fuck with you. Donâ€™t force shit.,1
RT @ImRonnieSweets: And if u call and he text back? Guess what ? HE GOTS A BITCH HUNTY,1
RT @_Goro__Majima_: @jhoncarterIII @Jeremiah_or_jj @justafight What the fuck do you expect? A professional boxing match?,1
Iâ€™m a drunk foot bitch findom,1
"bitch, iâ€™m already dead 
iâ€™ve been dead for years",1
"@lizzard1278 Hey Liz, you know your profile pic with the beheaded man? Iâ€™m seeing that as less metaphor, more necesâ€¦ https://t.co/zeif6m38mi",0
RT @cleverrgirrl: A week ago I got an email from a couple guys sayin they heard good things about my PR shit &amp; they had a short @ Sundance.â€¦,1
"RT @nellythamenace: Bitch why does it look like a brain, he a headass fr ğŸ˜­ğŸ˜­ğŸ˜­",1
This is dumb why are you bringing race into it? ESPN has made me cheer against Loma because of their weird promotinâ€¦ https://t.co/4XON0whndO,0
@MasastraMain @atniel19 @Wolverinutoken @cryptofqlix @IGainCrypto @cryptoworldss Bitch stop violating my eyes with blockchain shit and stfu,1
RT @diegodelaislaa: this bitch is talking ab feet someone save me,1
"RT @gunpolicy: @JoshShapiroPA Fuck you, @JoshShapiroPA. No. 

https://t.co/qDKa1ipaV4",0
RT @PplsCityCouncil: Fuck this fascist piece of shit  @LAPPL. Lives so far away from the city of Los Angeles because heâ€™s scared of the peoâ€¦,1
RT @xJadeSolo: Would you be my late night fuck buddy?ğŸ™ˆ https://t.co/siVGv0WCcv,0
"RT @timtales_com: Rhyheim Double Feature Part Two

""Fuck me Daddy, because I love you"". How is that for a romantic Saturday night?  
@SRhyhâ€¦",0
RT @xJadeSolo: Would you be my late night fuck buddy?ğŸ™ˆ https://t.co/siVGv0WCcv,0
"RT @skinnymysterio: damn I been calling Tails a bitch for the last 15 years, whole time heâ€™s 8.",1
ğŸ¤ğŸ¾ bc bitches funny  ğŸ¤·ğŸ¾â€â™€ï¸ğŸ˜‚,1
RT @LavinSunni: Wanna Be My Loyal BITCHâ›“ğŸ–¤ https://t.co/Rnb9M28jNN,1
RT @PinkCrushKay: Nigga canâ€™t talk after 10pm he live with a bitch,1
RT @loverboypatty: S/o my bank account. That bitch sexy,1
RT @Dazed4L: Juice WRLD and Suga are honestly a great duo. and I wanna say another thing BTS fan base gets a lot of hate but most of them aâ€¦,1
"@SonyaDevilleWWE 
Xxx I want fuck you. You are beautiful ğŸ–• https://t.co/PBbAyWYN5N",0
"""No, you see... I doubt that.

My mom was never a gamer, and neither are you. You would never be able to match eachâ€¦ https://t.co/fLPAgjirWf",0
Do you ever just wake up and want to fuck a dude #imnotgay,1
"ifeel stupid 
ugly
pretend it doesn't bother me
i'm not very strong but 
i'll fuck you up if you're mean to bugs",0
RT @vaneemariet: man fuck that pride shit and fight for the one you love. we only live once and idk about yâ€™all but I wanna be happy with mâ€¦,1
* girl Fck you !,0
RT @Tlavont6: ğŸ˜±OMG SO CUMM!!!ğŸ’¦ I PROMISE I CUM 10x more If you FUCK ME ğŸ˜ˆor do you want a creamy facial from me ? https://t.co/XnoYOyvU0J,1
"RT @GeneralJarrett: MAN FUCK WHAT A NIGGA TALKING ABOUT BITCH I GRADUATED, CROWN ME NOW!!!!!",1
"also if ur so convinced that heâ€™s cis then why are you so concerned about people â€œmisgenderingâ€ him,,, iâ€™m convinceâ€¦ https://t.co/8IOhzkyZgf",0
"RT @galartwink: ""ğ“˜'ğ“µğ“µ ğ“¬ğ“ªğ“»ğ“¿ğ“® ğ“¶ğ”‚ ğ“·ğ“ªğ“¶ğ“® ğ“²ğ“·ğ“½ğ“¸ ğ“–ğ“ªğ“µğ“ªğ“»'ğ“¼ ğ“±ğ“²ğ“¼ğ“½ğ“¸ğ“»ğ”‚, ğ“½ğ“¸ğ“¸. ğ“‘ğ”‚ ğ“­ğ“®ğ“¯ğ“®ğ“ªğ“½ğ“²ğ“·ğ“° ğ”‚ğ“¸ğ“¾!""
Name: Bede
Age: 20
Nicknames: Pinky, Fairy Bitch, etc.
20â€¦",1
RT @1819Teens: Would you fuck my all natural body in this dress? https://t.co/lbmXbnkEst,1
"RT @lilroxie91: *me on the first day as a porn star*

â€œYOU CALL THAT HARD?! COME ON!!! MY GRANDMOTHER CAN FUCK ME BETTER AND SHES DEAD!!! Nâ€¦",1
RT @atzulareign: Would you fuck me in the shower? ğŸš¿ğŸ›€ğŸ§¼ https://t.co/2DugGXv0h0,0
